P,urn:nasa:pds:gbo.ast.smass2.spectra:data:ccd_spectra_param_table_tab::1.0
P,urn:nasa:pds:gbo.ast.smass2.spectra:data:data01_1007_01_tab::1.0
P,urn:nasa:pds:gbo.ast.smass2.spectra:data:data01_100_01_tab::1.0
P,urn:nasa:pds:gbo.ast.smass2.spectra:data:data01_1011_01_tab::1.0
P,urn:nasa:pds:gbo.ast.smass2.spectra:data:data01_1014_01_tab::1.0
P,urn:nasa:pds:gbo.ast.smass2.spectra:data:data01_1015_01_tab::1.0
P,urn:nasa:pds:gbo.ast.smass2.spectra:data:data01_1016_01_tab::1.0
P,urn:nasa:pds:gbo.ast.smass2.spectra:data:data01_1017_01_tab::1.0
P,urn:nasa:pds:gbo.ast.smass2.spectra:data:data01_10199_01_tab::1.0
P,urn:nasa:pds:gbo.ast.smass2.spectra:data:data01_101_01_tab::1.0
P,urn:nasa:pds:gbo.ast.smass2.spectra:data:data01_1020_01_tab::1.0
P,urn:nasa:pds:gbo.ast.smass2.spectra:data:data01_1021_01_tab::1.0
P,urn:nasa:pds:gbo.ast.smass2.spectra:data:data01_1022_01_tab::1.0
P,urn:nasa:pds:gbo.ast.smass2.spectra:data:data01_1024_01_tab::1.0
P,urn:nasa:pds:gbo.ast.smass2.spectra:data:data01_1025_01_tab::1.0
P,urn:nasa:pds:gbo.ast.smass2.spectra:data:data01_102_01_tab::1.0
P,urn:nasa:pds:gbo.ast.smass2.spectra:data:data01_1032_01_tab::1.0
P,urn:nasa:pds:gbo.ast.smass2.spectra:data:data01_1034_01_tab::1.0
P,urn:nasa:pds:gbo.ast.smass2.spectra:data:data01_1039_01_tab::1.0
P,urn:nasa:pds:gbo.ast.smass2.spectra:data:data01_103_01_tab::1.0
P,urn:nasa:pds:gbo.ast.smass2.spectra:data:data01_1041_01_tab::1.0
P,urn:nasa:pds:gbo.ast.smass2.spectra:data:data01_1045_01_tab::1.0
P,urn:nasa:pds:gbo.ast.smass2.spectra:data:data01_1046_01_tab::1.0
P,urn:nasa:pds:gbo.ast.smass2.spectra:data:data01_10473_01_tab::1.0
P,urn:nasa:pds:gbo.ast.smass2.spectra:data:data01_1048_01_tab::1.0
P,urn:nasa:pds:gbo.ast.smass2.spectra:data:data01_104_01_tab::1.0
P,urn:nasa:pds:gbo.ast.smass2.spectra:data:data01_10504_01_tab::1.0
P,urn:nasa:pds:gbo.ast.smass2.spectra:data:data01_1052_01_tab::1.0
P,urn:nasa:pds:gbo.ast.smass2.spectra:data:data01_1055_01_tab::1.0
P,urn:nasa:pds:gbo.ast.smass2.spectra:data:data01_1056_01_tab::1.0
P,urn:nasa:pds:gbo.ast.smass2.spectra:data:data01_1058_01_tab::1.0
P,urn:nasa:pds:gbo.ast.smass2.spectra:data:data01_105_01_tab::1.0
P,urn:nasa:pds:gbo.ast.smass2.spectra:data:data01_1065_01_tab::1.0
P,urn:nasa:pds:gbo.ast.smass2.spectra:data:data01_1069_01_tab::1.0
P,urn:nasa:pds:gbo.ast.smass2.spectra:data:data01_106_01_tab::1.0
P,urn:nasa:pds:gbo.ast.smass2.spectra:data:data01_1071_01_tab::1.0
P,urn:nasa:pds:gbo.ast.smass2.spectra:data:data01_1076_01_tab::1.0
P,urn:nasa:pds:gbo.ast.smass2.spectra:data:data01_107_01_tab::1.0
P,urn:nasa:pds:gbo.ast.smass2.spectra:data:data01_1086_01_tab::1.0
P,urn:nasa:pds:gbo.ast.smass2.spectra:data:data01_1088_01_tab::1.0
P,urn:nasa:pds:gbo.ast.smass2.spectra:data:data01_108_01_tab::1.0
P,urn:nasa:pds:gbo.ast.smass2.spectra:data:data01_1094_01_tab::1.0
P,urn:nasa:pds:gbo.ast.smass2.spectra:data:data01_1098_01_tab::1.0
P,urn:nasa:pds:gbo.ast.smass2.spectra:data:data01_109_01_tab::1.0
P,urn:nasa:pds:gbo.ast.smass2.spectra:data:data01_10_00_tab::1.0
P,urn:nasa:pds:gbo.ast.smass2.spectra:data:data01_1102_00_tab::1.0
P,urn:nasa:pds:gbo.ast.smass2.spectra:data:data01_1103_01_tab::1.0
P,urn:nasa:pds:gbo.ast.smass2.spectra:data:data01_1104_00_tab::1.0
P,urn:nasa:pds:gbo.ast.smass2.spectra:data:data01_1106_01_tab::1.0
P,urn:nasa:pds:gbo.ast.smass2.spectra:data:data01_1107_01_tab::1.0
P,urn:nasa:pds:gbo.ast.smass2.spectra:data:data01_110_01_tab::1.0
P,urn:nasa:pds:gbo.ast.smass2.spectra:data:data02_1110_01_tab::1.0
P,urn:nasa:pds:gbo.ast.smass2.spectra:data:data02_1114_01_tab::1.0
P,urn:nasa:pds:gbo.ast.smass2.spectra:data:data02_111_01_tab::1.0
P,urn:nasa:pds:gbo.ast.smass2.spectra:data:data02_1126_01_tab::1.0
P,urn:nasa:pds:gbo.ast.smass2.spectra:data:data02_1128_00_tab::1.0
P,urn:nasa:pds:gbo.ast.smass2.spectra:data:data02_112_01_tab::1.0
P,urn:nasa:pds:gbo.ast.smass2.spectra:data:data02_1131_01_tab::1.0
P,urn:nasa:pds:gbo.ast.smass2.spectra:data:data02_1134_01_tab::1.0
P,urn:nasa:pds:gbo.ast.smass2.spectra:data:data02_1135_01_tab::1.0
P,urn:nasa:pds:gbo.ast.smass2.spectra:data:data02_1139_01_tab::1.0
P,urn:nasa:pds:gbo.ast.smass2.spectra:data:data02_113_01_tab::1.0
P,urn:nasa:pds:gbo.ast.smass2.spectra:data:data02_1140_01_tab::1.0
P,urn:nasa:pds:gbo.ast.smass2.spectra:data:data02_1147_01_tab::1.0
P,urn:nasa:pds:gbo.ast.smass2.spectra:data:data02_1148_01_tab::1.0
P,urn:nasa:pds:gbo.ast.smass2.spectra:data:data02_114_01_tab::1.0
P,urn:nasa:pds:gbo.ast.smass2.spectra:data:data02_1152_01_tab::1.0
P,urn:nasa:pds:gbo.ast.smass2.spectra:data:data02_1155_01_tab::1.0
P,urn:nasa:pds:gbo.ast.smass2.spectra:data:data02_115_01_tab::1.0
P,urn:nasa:pds:gbo.ast.smass2.spectra:data:data02_116_01_tab::1.0
P,urn:nasa:pds:gbo.ast.smass2.spectra:data:data02_1176_01_tab::1.0
P,urn:nasa:pds:gbo.ast.smass2.spectra:data:data02_11785_00_tab::1.0
P,urn:nasa:pds:gbo.ast.smass2.spectra:data:data02_117_01_tab::1.0
P,urn:nasa:pds:gbo.ast.smass2.spectra:data:data02_1181_01_tab::1.0
P,urn:nasa:pds:gbo.ast.smass2.spectra:data:data02_1185_01_tab::1.0
P,urn:nasa:pds:gbo.ast.smass2.spectra:data:data02_1186_01_tab::1.0
P,urn:nasa:pds:gbo.ast.smass2.spectra:data:data02_1187_01_tab::1.0
P,urn:nasa:pds:gbo.ast.smass2.spectra:data:data02_1188_01_tab::1.0
P,urn:nasa:pds:gbo.ast.smass2.spectra:data:data02_1189_01_tab::1.0
P,urn:nasa:pds:gbo.ast.smass2.spectra:data:data02_118_01_tab::1.0
P,urn:nasa:pds:gbo.ast.smass2.spectra:data:data02_11906_01_tab::1.0
P,urn:nasa:pds:gbo.ast.smass2.spectra:data:data02_1196_01_tab::1.0
P,urn:nasa:pds:gbo.ast.smass2.spectra:data:data02_119_00_tab::1.0
P,urn:nasa:pds:gbo.ast.smass2.spectra:data:data02_11_01_tab::1.0
P,urn:nasa:pds:gbo.ast.smass2.spectra:data:data02_1201_01_tab::1.0
P,urn:nasa:pds:gbo.ast.smass2.spectra:data:data02_1204_00_tab::1.0
P,urn:nasa:pds:gbo.ast.smass2.spectra:data:data02_120_01_tab::1.0
P,urn:nasa:pds:gbo.ast.smass2.spectra:data:data02_1212_01_tab::1.0
P,urn:nasa:pds:gbo.ast.smass2.spectra:data:data02_1214_01_tab::1.0
P,urn:nasa:pds:gbo.ast.smass2.spectra:data:data02_121_01_tab::1.0
P,urn:nasa:pds:gbo.ast.smass2.spectra:data:data02_1222_01_tab::1.0
P,urn:nasa:pds:gbo.ast.smass2.spectra:data:data02_12281_01_tab::1.0
P,urn:nasa:pds:gbo.ast.smass2.spectra:data:data02_1228_01_tab::1.0
P,urn:nasa:pds:gbo.ast.smass2.spectra:data:data02_122_01_tab::1.0
P,urn:nasa:pds:gbo.ast.smass2.spectra:data:data02_1234_01_tab::1.0
P,urn:nasa:pds:gbo.ast.smass2.spectra:data:data02_123_01_tab::1.0
P,urn:nasa:pds:gbo.ast.smass2.spectra:data:data02_1248_01_tab::1.0
P,urn:nasa:pds:gbo.ast.smass2.spectra:data:data02_124_01_tab::1.0
P,urn:nasa:pds:gbo.ast.smass2.spectra:data:data02_1251_01_tab::1.0
P,urn:nasa:pds:gbo.ast.smass2.spectra:data:data02_1252_01_tab::1.0
P,urn:nasa:pds:gbo.ast.smass2.spectra:data:data02_125_00_tab::1.0
P,urn:nasa:pds:gbo.ast.smass2.spectra:data:data03_1262_01_tab::1.0
P,urn:nasa:pds:gbo.ast.smass2.spectra:data:data03_1263_01_tab::1.0
P,urn:nasa:pds:gbo.ast.smass2.spectra:data:data03_1264_01_tab::1.0
P,urn:nasa:pds:gbo.ast.smass2.spectra:data:data03_1271_01_tab::1.0
P,urn:nasa:pds:gbo.ast.smass2.spectra:data:data03_1272_01_tab::1.0
P,urn:nasa:pds:gbo.ast.smass2.spectra:data:data03_1277_01_tab::1.0
P,urn:nasa:pds:gbo.ast.smass2.spectra:data:data03_1278_01_tab::1.0
P,urn:nasa:pds:gbo.ast.smass2.spectra:data:data03_127_01_tab::1.0
P,urn:nasa:pds:gbo.ast.smass2.spectra:data:data03_1284_01_tab::1.0
P,urn:nasa:pds:gbo.ast.smass2.spectra:data:data03_128_01_tab::1.0
P,urn:nasa:pds:gbo.ast.smass2.spectra:data:data03_1293_01_tab::1.0
P,urn:nasa:pds:gbo.ast.smass2.spectra:data:data03_1294_01_tab::1.0
P,urn:nasa:pds:gbo.ast.smass2.spectra:data:data03_129_01_tab::1.0
P,urn:nasa:pds:gbo.ast.smass2.spectra:data:data03_12_01_tab::1.0
P,urn:nasa:pds:gbo.ast.smass2.spectra:data:data03_1300_01_tab::1.0
P,urn:nasa:pds:gbo.ast.smass2.spectra:data:data03_1301_01_tab::1.0
P,urn:nasa:pds:gbo.ast.smass2.spectra:data:data03_1304_00_tab::1.0
P,urn:nasa:pds:gbo.ast.smass2.spectra:data:data03_130_01_tab::1.0
P,urn:nasa:pds:gbo.ast.smass2.spectra:data:data03_1316_01_tab::1.0
P,urn:nasa:pds:gbo.ast.smass2.spectra:data:data03_131_01_tab::1.0
P,urn:nasa:pds:gbo.ast.smass2.spectra:data:data03_1323_01_tab::1.0
P,urn:nasa:pds:gbo.ast.smass2.spectra:data:data03_1324_01_tab::1.0
P,urn:nasa:pds:gbo.ast.smass2.spectra:data:data03_1327_01_tab::1.0
P,urn:nasa:pds:gbo.ast.smass2.spectra:data:data03_1329_01_tab::1.0
P,urn:nasa:pds:gbo.ast.smass2.spectra:data:data03_132_00_tab::1.0
P,urn:nasa:pds:gbo.ast.smass2.spectra:data:data03_1331_00_tab::1.0
P,urn:nasa:pds:gbo.ast.smass2.spectra:data:data03_1332_01_tab::1.0
P,urn:nasa:pds:gbo.ast.smass2.spectra:data:data03_1336_01_tab::1.0
P,urn:nasa:pds:gbo.ast.smass2.spectra:data:data03_133_01_tab::1.0
P,urn:nasa:pds:gbo.ast.smass2.spectra:data:data03_1343_01_tab::1.0
P,urn:nasa:pds:gbo.ast.smass2.spectra:data:data03_1348_01_tab::1.0
P,urn:nasa:pds:gbo.ast.smass2.spectra:data:data03_134_00_tab::1.0
P,urn:nasa:pds:gbo.ast.smass2.spectra:data:data03_1350_01_tab::1.0
P,urn:nasa:pds:gbo.ast.smass2.spectra:data:data03_1351_01_tab::1.0
P,urn:nasa:pds:gbo.ast.smass2.spectra:data:data03_1352_00_tab::1.0
P,urn:nasa:pds:gbo.ast.smass2.spectra:data:data03_135_01_tab::1.0
P,urn:nasa:pds:gbo.ast.smass2.spectra:data:data03_1360_01_tab::1.0
P,urn:nasa:pds:gbo.ast.smass2.spectra:data:data03_136_01_tab::1.0
P,urn:nasa:pds:gbo.ast.smass2.spectra:data:data03_1372_01_tab::1.0
P,urn:nasa:pds:gbo.ast.smass2.spectra:data:data03_1373_01_tab::1.0
P,urn:nasa:pds:gbo.ast.smass2.spectra:data:data03_1374_01_tab::1.0
P,urn:nasa:pds:gbo.ast.smass2.spectra:data:data03_1385_01_tab::1.0
P,urn:nasa:pds:gbo.ast.smass2.spectra:data:data03_1386_01_tab::1.0
P,urn:nasa:pds:gbo.ast.smass2.spectra:data:data03_139_01_tab::1.0
P,urn:nasa:pds:gbo.ast.smass2.spectra:data:data03_13_01_tab::1.0
P,urn:nasa:pds:gbo.ast.smass2.spectra:data:data03_1403_01_tab::1.0
P,urn:nasa:pds:gbo.ast.smass2.spectra:data:data03_1406_00_tab::1.0
P,urn:nasa:pds:gbo.ast.smass2.spectra:data:data03_1407_00_tab::1.0
P,urn:nasa:pds:gbo.ast.smass2.spectra:data:data03_140_01_tab::1.0
P,urn:nasa:pds:gbo.ast.smass2.spectra:data:data03_1414_01_tab::1.0
P,urn:nasa:pds:gbo.ast.smass2.spectra:data:data04_141_01_tab::1.0
P,urn:nasa:pds:gbo.ast.smass2.spectra:data:data04_1420_01_tab::1.0
P,urn:nasa:pds:gbo.ast.smass2.spectra:data:data04_1423_01_tab::1.0
P,urn:nasa:pds:gbo.ast.smass2.spectra:data:data04_1424_01_tab::1.0
P,urn:nasa:pds:gbo.ast.smass2.spectra:data:data04_1427_01_tab::1.0
P,urn:nasa:pds:gbo.ast.smass2.spectra:data:data04_1428_01_tab::1.0
P,urn:nasa:pds:gbo.ast.smass2.spectra:data:data04_142_01_tab::1.0
P,urn:nasa:pds:gbo.ast.smass2.spectra:data:data04_1433_01_tab::1.0
P,urn:nasa:pds:gbo.ast.smass2.spectra:data:data04_143_00_tab::1.0
P,urn:nasa:pds:gbo.ast.smass2.spectra:data:data04_144_00_tab::1.0
P,urn:nasa:pds:gbo.ast.smass2.spectra:data:data04_1458_01_tab::1.0
P,urn:nasa:pds:gbo.ast.smass2.spectra:data:data04_145_01_tab::1.0
P,urn:nasa:pds:gbo.ast.smass2.spectra:data:data04_146_00_tab::1.0
P,urn:nasa:pds:gbo.ast.smass2.spectra:data:data04_1471_01_tab::1.0
P,urn:nasa:pds:gbo.ast.smass2.spectra:data:data04_1474_01_tab::1.0
P,urn:nasa:pds:gbo.ast.smass2.spectra:data:data04_147_00_tab::1.0
P,urn:nasa:pds:gbo.ast.smass2.spectra:data:data04_1480_01_tab::1.0
P,urn:nasa:pds:gbo.ast.smass2.spectra:data:data04_1483_00_tab::1.0
P,urn:nasa:pds:gbo.ast.smass2.spectra:data:data04_1484_01_tab::1.0
P,urn:nasa:pds:gbo.ast.smass2.spectra:data:data04_148_01_tab::1.0
P,urn:nasa:pds:gbo.ast.smass2.spectra:data:data04_1490_01_tab::1.0
P,urn:nasa:pds:gbo.ast.smass2.spectra:data:data04_1493_01_tab::1.0
P,urn:nasa:pds:gbo.ast.smass2.spectra:data:data04_1494_01_tab::1.0
P,urn:nasa:pds:gbo.ast.smass2.spectra:data:data04_14_00_tab::1.0
P,urn:nasa:pds:gbo.ast.smass2.spectra:data:data04_1502_01_tab::1.0
P,urn:nasa:pds:gbo.ast.smass2.spectra:data:data04_1508_01_tab::1.0
P,urn:nasa:pds:gbo.ast.smass2.spectra:data:data04_150_01_tab::1.0
P,urn:nasa:pds:gbo.ast.smass2.spectra:data:data04_1510_01_tab::1.0
P,urn:nasa:pds:gbo.ast.smass2.spectra:data:data04_1517_01_tab::1.0
P,urn:nasa:pds:gbo.ast.smass2.spectra:data:data04_151_01_tab::1.0
P,urn:nasa:pds:gbo.ast.smass2.spectra:data:data04_1520_01_tab::1.0
P,urn:nasa:pds:gbo.ast.smass2.spectra:data:data04_152_00_tab::1.0
P,urn:nasa:pds:gbo.ast.smass2.spectra:data:data04_1534_01_tab::1.0
P,urn:nasa:pds:gbo.ast.smass2.spectra:data:data04_1539_01_tab::1.0
P,urn:nasa:pds:gbo.ast.smass2.spectra:data:data04_153_01_tab::1.0
P,urn:nasa:pds:gbo.ast.smass2.spectra:data:data04_1541_01_tab::1.0
P,urn:nasa:pds:gbo.ast.smass2.spectra:data:data04_1542_01_tab::1.0
P,urn:nasa:pds:gbo.ast.smass2.spectra:data:data04_1545_01_tab::1.0
P,urn:nasa:pds:gbo.ast.smass2.spectra:data:data04_1548_00_tab::1.0
P,urn:nasa:pds:gbo.ast.smass2.spectra:data:data04_1549_01_tab::1.0
P,urn:nasa:pds:gbo.ast.smass2.spectra:data:data04_154_00_tab::1.0
P,urn:nasa:pds:gbo.ast.smass2.spectra:data:data04_1550_01_tab::1.0
P,urn:nasa:pds:gbo.ast.smass2.spectra:data:data04_1553_01_tab::1.0
P,urn:nasa:pds:gbo.ast.smass2.spectra:data:data04_1560_01_tab::1.0
P,urn:nasa:pds:gbo.ast.smass2.spectra:data:data04_1562_01_tab::1.0
P,urn:nasa:pds:gbo.ast.smass2.spectra:data:data04_1563_01_tab::1.0
P,urn:nasa:pds:gbo.ast.smass2.spectra:data:data04_1565_01_tab::1.0
P,urn:nasa:pds:gbo.ast.smass2.spectra:data:data04_1567_01_tab::1.0
P,urn:nasa:pds:gbo.ast.smass2.spectra:data:data04_156_01_tab::1.0
P,urn:nasa:pds:gbo.ast.smass2.spectra:data:data04_1587_01_tab::1.0
P,urn:nasa:pds:gbo.ast.smass2.spectra:data:data05_158_01_tab::1.0
P,urn:nasa:pds:gbo.ast.smass2.spectra:data:data05_1592_01_tab::1.0
P,urn:nasa:pds:gbo.ast.smass2.spectra:data:data05_1593_01_tab::1.0
P,urn:nasa:pds:gbo.ast.smass2.spectra:data:data05_1594_01_tab::1.0
P,urn:nasa:pds:gbo.ast.smass2.spectra:data:data05_159_01_tab::1.0
P,urn:nasa:pds:gbo.ast.smass2.spectra:data:data05_15_00_tab::1.0
P,urn:nasa:pds:gbo.ast.smass2.spectra:data:data05_1600_00_tab::1.0
P,urn:nasa:pds:gbo.ast.smass2.spectra:data:data05_1601_00_tab::1.0
P,urn:nasa:pds:gbo.ast.smass2.spectra:data:data05_1603_01_tab::1.0
P,urn:nasa:pds:gbo.ast.smass2.spectra:data:data05_1604_01_tab::1.0
P,urn:nasa:pds:gbo.ast.smass2.spectra:data:data05_160_01_tab::1.0
P,urn:nasa:pds:gbo.ast.smass2.spectra:data:data05_1613_01_tab::1.0
P,urn:nasa:pds:gbo.ast.smass2.spectra:data:data05_1618_01_tab::1.0
P,urn:nasa:pds:gbo.ast.smass2.spectra:data:data05_161_01_tab::1.0
P,urn:nasa:pds:gbo.ast.smass2.spectra:data:data05_1629_01_tab::1.0
P,urn:nasa:pds:gbo.ast.smass2.spectra:data:data05_162_01_tab::1.0
P,urn:nasa:pds:gbo.ast.smass2.spectra:data:data05_1634_01_tab::1.0
P,urn:nasa:pds:gbo.ast.smass2.spectra:data:data05_1635_01_tab::1.0
P,urn:nasa:pds:gbo.ast.smass2.spectra:data:data05_1638_01_tab::1.0
P,urn:nasa:pds:gbo.ast.smass2.spectra:data:data05_163_01_tab::1.0
P,urn:nasa:pds:gbo.ast.smass2.spectra:data:data05_1640_01_tab::1.0
P,urn:nasa:pds:gbo.ast.smass2.spectra:data:data05_1642_01_tab::1.0
P,urn:nasa:pds:gbo.ast.smass2.spectra:data:data05_164_01_tab::1.0
P,urn:nasa:pds:gbo.ast.smass2.spectra:data:data05_1653_00_tab::1.0
P,urn:nasa:pds:gbo.ast.smass2.spectra:data:data05_1655_01_tab::1.0
P,urn:nasa:pds:gbo.ast.smass2.spectra:data:data05_1659_01_tab::1.0
P,urn:nasa:pds:gbo.ast.smass2.spectra:data:data05_165_01_tab::1.0
P,urn:nasa:pds:gbo.ast.smass2.spectra:data:data05_1660_01_tab::1.0
P,urn:nasa:pds:gbo.ast.smass2.spectra:data:data05_1662_01_tab::1.0
P,urn:nasa:pds:gbo.ast.smass2.spectra:data:data05_1664_01_tab::1.0
P,urn:nasa:pds:gbo.ast.smass2.spectra:data:data05_1667_01_tab::1.0
P,urn:nasa:pds:gbo.ast.smass2.spectra:data:data05_166_01_tab::1.0
P,urn:nasa:pds:gbo.ast.smass2.spectra:data:data05_167_01_tab::1.0
P,urn:nasa:pds:gbo.ast.smass2.spectra:data:data05_1680_01_tab::1.0
P,urn:nasa:pds:gbo.ast.smass2.spectra:data:data05_168_01_tab::1.0
P,urn:nasa:pds:gbo.ast.smass2.spectra:data:data05_1692_01_tab::1.0
P,urn:nasa:pds:gbo.ast.smass2.spectra:data:data05_1695_01_tab::1.0
P,urn:nasa:pds:gbo.ast.smass2.spectra:data:data05_169_01_tab::1.0
P,urn:nasa:pds:gbo.ast.smass2.spectra:data:data05_16_01_tab::1.0
P,urn:nasa:pds:gbo.ast.smass2.spectra:data:data05_1702_01_tab::1.0
P,urn:nasa:pds:gbo.ast.smass2.spectra:data:data05_1705_01_tab::1.0
P,urn:nasa:pds:gbo.ast.smass2.spectra:data:data05_1706_01_tab::1.0
P,urn:nasa:pds:gbo.ast.smass2.spectra:data:data05_170_01_tab::1.0
P,urn:nasa:pds:gbo.ast.smass2.spectra:data:data05_1715_01_tab::1.0
P,urn:nasa:pds:gbo.ast.smass2.spectra:data:data05_1716_00_tab::1.0
P,urn:nasa:pds:gbo.ast.smass2.spectra:data:data05_171_00_tab::1.0
P,urn:nasa:pds:gbo.ast.smass2.spectra:data:data05_1724_00_tab::1.0
P,urn:nasa:pds:gbo.ast.smass2.spectra:data:data05_1726_00_tab::1.0
P,urn:nasa:pds:gbo.ast.smass2.spectra:data:data05_1729_01_tab::1.0
P,urn:nasa:pds:gbo.ast.smass2.spectra:data:data05_172_01_tab::1.0
P,urn:nasa:pds:gbo.ast.smass2.spectra:data:data06_1730_01_tab::1.0
P,urn:nasa:pds:gbo.ast.smass2.spectra:data:data06_1734_01_tab::1.0
P,urn:nasa:pds:gbo.ast.smass2.spectra:data:data06_1738_01_tab::1.0
P,urn:nasa:pds:gbo.ast.smass2.spectra:data:data06_173_00_tab::1.0
P,urn:nasa:pds:gbo.ast.smass2.spectra:data:data06_1747_01_tab::1.0
P,urn:nasa:pds:gbo.ast.smass2.spectra:data:data06_17480_01_tab::1.0
P,urn:nasa:pds:gbo.ast.smass2.spectra:data:data06_174_01_tab::1.0
P,urn:nasa:pds:gbo.ast.smass2.spectra:data:data06_1751_01_tab::1.0
P,urn:nasa:pds:gbo.ast.smass2.spectra:data:data06_175_01_tab::1.0
P,urn:nasa:pds:gbo.ast.smass2.spectra:data:data06_1766_00_tab::1.0
P,urn:nasa:pds:gbo.ast.smass2.spectra:data:data06_1768_01_tab::1.0
P,urn:nasa:pds:gbo.ast.smass2.spectra:data:data06_176_01_tab::1.0
P,urn:nasa:pds:gbo.ast.smass2.spectra:data:data06_1777_01_tab::1.0
P,urn:nasa:pds:gbo.ast.smass2.spectra:data:data06_177_01_tab::1.0
P,urn:nasa:pds:gbo.ast.smass2.spectra:data:data06_1783_01_tab::1.0
P,urn:nasa:pds:gbo.ast.smass2.spectra:data:data06_1785_01_tab::1.0
P,urn:nasa:pds:gbo.ast.smass2.spectra:data:data06_178_01_tab::1.0
P,urn:nasa:pds:gbo.ast.smass2.spectra:data:data06_1795_01_tab::1.0
P,urn:nasa:pds:gbo.ast.smass2.spectra:data:data06_1796_01_tab::1.0
P,urn:nasa:pds:gbo.ast.smass2.spectra:data:data06_1797_01_tab::1.0
P,urn:nasa:pds:gbo.ast.smass2.spectra:data:data06_1798_00_tab::1.0
P,urn:nasa:pds:gbo.ast.smass2.spectra:data:data06_1799_01_tab::1.0
P,urn:nasa:pds:gbo.ast.smass2.spectra:data:data06_179_01_tab::1.0
P,urn:nasa:pds:gbo.ast.smass2.spectra:data:data06_17_01_tab::1.0
P,urn:nasa:pds:gbo.ast.smass2.spectra:data:data06_1807_01_tab::1.0
P,urn:nasa:pds:gbo.ast.smass2.spectra:data:data06_180_01_tab::1.0
P,urn:nasa:pds:gbo.ast.smass2.spectra:data:data06_181_01_tab::1.0
P,urn:nasa:pds:gbo.ast.smass2.spectra:data:data06_182_01_tab::1.0
P,urn:nasa:pds:gbo.ast.smass2.spectra:data:data06_1830_01_tab::1.0
P,urn:nasa:pds:gbo.ast.smass2.spectra:data:data06_1831_01_tab::1.0
P,urn:nasa:pds:gbo.ast.smass2.spectra:data:data06_1836_01_tab::1.0
P,urn:nasa:pds:gbo.ast.smass2.spectra:data:data06_1839_01_tab::1.0
P,urn:nasa:pds:gbo.ast.smass2.spectra:data:data06_183_01_tab::1.0
P,urn:nasa:pds:gbo.ast.smass2.spectra:data:data06_1847_01_tab::1.0
P,urn:nasa:pds:gbo.ast.smass2.spectra:data:data06_1848_01_tab::1.0
P,urn:nasa:pds:gbo.ast.smass2.spectra:data:data06_184_01_tab::1.0
P,urn:nasa:pds:gbo.ast.smass2.spectra:data:data06_18514_01_tab::1.0
P,urn:nasa:pds:gbo.ast.smass2.spectra:data:data06_1856_01_tab::1.0
P,urn:nasa:pds:gbo.ast.smass2.spectra:data:data06_1857_00_tab::1.0
P,urn:nasa:pds:gbo.ast.smass2.spectra:data:data06_1858_01_tab::1.0
P,urn:nasa:pds:gbo.ast.smass2.spectra:data:data06_185_01_tab::1.0
P,urn:nasa:pds:gbo.ast.smass2.spectra:data:data06_1860_01_tab::1.0
P,urn:nasa:pds:gbo.ast.smass2.spectra:data:data06_186_01_tab::1.0
P,urn:nasa:pds:gbo.ast.smass2.spectra:data:data06_187_01_tab::1.0
P,urn:nasa:pds:gbo.ast.smass2.spectra:data:data06_1882_01_tab::1.0
P,urn:nasa:pds:gbo.ast.smass2.spectra:data:data06_1888_01_tab::1.0
P,urn:nasa:pds:gbo.ast.smass2.spectra:data:data06_188_00_tab::1.0
P,urn:nasa:pds:gbo.ast.smass2.spectra:data:data06_1891_01_tab::1.0
P,urn:nasa:pds:gbo.ast.smass2.spectra:data:data06_189_01_tab::1.0
P,urn:nasa:pds:gbo.ast.smass2.spectra:data:data06_18_00_tab::1.0
P,urn:nasa:pds:gbo.ast.smass2.spectra:data:data07_1903_01_tab::1.0
P,urn:nasa:pds:gbo.ast.smass2.spectra:data:data07_1904_00_tab::1.0
P,urn:nasa:pds:gbo.ast.smass2.spectra:data:data07_190_01_tab::1.0
P,urn:nasa:pds:gbo.ast.smass2.spectra:data:data07_191_01_tab::1.0
P,urn:nasa:pds:gbo.ast.smass2.spectra:data:data07_1923_01_tab::1.0
P,urn:nasa:pds:gbo.ast.smass2.spectra:data:data07_1929_01_tab::1.0
P,urn:nasa:pds:gbo.ast.smass2.spectra:data:data07_192_00_tab::1.0
P,urn:nasa:pds:gbo.ast.smass2.spectra:data:data07_1930_01_tab::1.0
P,urn:nasa:pds:gbo.ast.smass2.spectra:data:data07_1932_01_tab::1.0
P,urn:nasa:pds:gbo.ast.smass2.spectra:data:data07_1936_01_tab::1.0
P,urn:nasa:pds:gbo.ast.smass2.spectra:data:data07_193_01_tab::1.0
P,urn:nasa:pds:gbo.ast.smass2.spectra:data:data07_1948_01_tab::1.0
P,urn:nasa:pds:gbo.ast.smass2.spectra:data:data07_194_00_tab::1.0
P,urn:nasa:pds:gbo.ast.smass2.spectra:data:data07_1951_01_tab::1.0
P,urn:nasa:pds:gbo.ast.smass2.spectra:data:data07_195_01_tab::1.0
P,urn:nasa:pds:gbo.ast.smass2.spectra:data:data07_1968_01_tab::1.0
P,urn:nasa:pds:gbo.ast.smass2.spectra:data:data07_196_01_tab::1.0
P,urn:nasa:pds:gbo.ast.smass2.spectra:data:data07_1970_01_tab::1.0
P,urn:nasa:pds:gbo.ast.smass2.spectra:data:data07_1977_01_tab::1.0
P,urn:nasa:pds:gbo.ast.smass2.spectra:data:data07_197_01_tab::1.0
P,urn:nasa:pds:gbo.ast.smass2.spectra:data:data07_1989_01_tab::1.0
P,urn:nasa:pds:gbo.ast.smass2.spectra:data:data07_198_01_tab::1.0
P,urn:nasa:pds:gbo.ast.smass2.spectra:data:data07_1995bm2_01_tab::1.0
P,urn:nasa:pds:gbo.ast.smass2.spectra:data:data07_1995wq5_01_tab::1.0
P,urn:nasa:pds:gbo.ast.smass2.spectra:data:data07_1996pw_01_tab::1.0
P,urn:nasa:pds:gbo.ast.smass2.spectra:data:data07_1996uk_01_tab::1.0
P,urn:nasa:pds:gbo.ast.smass2.spectra:data:data07_1997cz5_01_tab::1.0
P,urn:nasa:pds:gbo.ast.smass2.spectra:data:data07_1998_01_tab::1.0
P,urn:nasa:pds:gbo.ast.smass2.spectra:data:data07_1998ws_01_tab::1.0
P,urn:nasa:pds:gbo.ast.smass2.spectra:data:data07_199_01_tab::1.0
P,urn:nasa:pds:gbo.ast.smass2.spectra:data:data07_19_01_tab::1.0
P,urn:nasa:pds:gbo.ast.smass2.spectra:data:data07_1_00_tab::1.0
P,urn:nasa:pds:gbo.ast.smass2.spectra:data:data07_2001_01_tab::1.0
P,urn:nasa:pds:gbo.ast.smass2.spectra:data:data07_200_01_tab::1.0
P,urn:nasa:pds:gbo.ast.smass2.spectra:data:data07_2019_01_tab::1.0
P,urn:nasa:pds:gbo.ast.smass2.spectra:data:data07_201_01_tab::1.0
P,urn:nasa:pds:gbo.ast.smass2.spectra:data:data07_2022_01_tab::1.0
P,urn:nasa:pds:gbo.ast.smass2.spectra:data:data07_2029_01_tab::1.0
P,urn:nasa:pds:gbo.ast.smass2.spectra:data:data07_2035_00_tab::1.0
P,urn:nasa:pds:gbo.ast.smass2.spectra:data:data07_2038_01_tab::1.0
P,urn:nasa:pds:gbo.ast.smass2.spectra:data:data07_2040_01_tab::1.0
P,urn:nasa:pds:gbo.ast.smass2.spectra:data:data07_2042_01_tab::1.0
P,urn:nasa:pds:gbo.ast.smass2.spectra:data:data07_2045_01_tab::1.0
P,urn:nasa:pds:gbo.ast.smass2.spectra:data:data07_2053_01_tab::1.0
P,urn:nasa:pds:gbo.ast.smass2.spectra:data:data07_2056_01_tab::1.0
P,urn:nasa:pds:gbo.ast.smass2.spectra:data:data07_205_01_tab::1.0
P,urn:nasa:pds:gbo.ast.smass2.spectra:data:data07_2060_01_tab::1.0
P,urn:nasa:pds:gbo.ast.smass2.spectra:data:data07_2064_01_tab::1.0
P,urn:nasa:pds:gbo.ast.smass2.spectra:data:data07_2065_01_tab::1.0
P,urn:nasa:pds:gbo.ast.smass2.spectra:data:data07_206_01_tab::1.0
P,urn:nasa:pds:gbo.ast.smass2.spectra:data:data08_2073_01_tab::1.0
P,urn:nasa:pds:gbo.ast.smass2.spectra:data:data08_2078_00_tab::1.0
P,urn:nasa:pds:gbo.ast.smass2.spectra:data:data08_207_01_tab::1.0
P,urn:nasa:pds:gbo.ast.smass2.spectra:data:data08_2085_01_tab::1.0
P,urn:nasa:pds:gbo.ast.smass2.spectra:data:data08_2086_01_tab::1.0
P,urn:nasa:pds:gbo.ast.smass2.spectra:data:data08_2087_01_tab::1.0
P,urn:nasa:pds:gbo.ast.smass2.spectra:data:data08_2088_01_tab::1.0
P,urn:nasa:pds:gbo.ast.smass2.spectra:data:data08_2089_01_tab::1.0
P,urn:nasa:pds:gbo.ast.smass2.spectra:data:data08_208_01_tab::1.0
P,urn:nasa:pds:gbo.ast.smass2.spectra:data:data08_2099_01_tab::1.0
P,urn:nasa:pds:gbo.ast.smass2.spectra:data:data08_209_01_tab::1.0
P,urn:nasa:pds:gbo.ast.smass2.spectra:data:data08_20_01_tab::1.0
P,urn:nasa:pds:gbo.ast.smass2.spectra:data:data08_2106_01_tab::1.0
P,urn:nasa:pds:gbo.ast.smass2.spectra:data:data08_2107_00_tab::1.0
P,urn:nasa:pds:gbo.ast.smass2.spectra:data:data08_210_01_tab::1.0
P,urn:nasa:pds:gbo.ast.smass2.spectra:data:data08_2118_01_tab::1.0
P,urn:nasa:pds:gbo.ast.smass2.spectra:data:data08_211_01_tab::1.0
P,urn:nasa:pds:gbo.ast.smass2.spectra:data:data08_2131_01_tab::1.0
P,urn:nasa:pds:gbo.ast.smass2.spectra:data:data08_213_01_tab::1.0
P,urn:nasa:pds:gbo.ast.smass2.spectra:data:data08_2141_01_tab::1.0
P,urn:nasa:pds:gbo.ast.smass2.spectra:data:data08_2147_01_tab::1.0
P,urn:nasa:pds:gbo.ast.smass2.spectra:data:data08_214_01_tab::1.0
P,urn:nasa:pds:gbo.ast.smass2.spectra:data:data08_2152_01_tab::1.0
P,urn:nasa:pds:gbo.ast.smass2.spectra:data:data08_2157_01_tab::1.0
P,urn:nasa:pds:gbo.ast.smass2.spectra:data:data08_2161_01_tab::1.0
P,urn:nasa:pds:gbo.ast.smass2.spectra:data:data08_2167_01_tab::1.0
P,urn:nasa:pds:gbo.ast.smass2.spectra:data:data08_2169_00_tab::1.0
P,urn:nasa:pds:gbo.ast.smass2.spectra:data:data08_216_01_tab::1.0
P,urn:nasa:pds:gbo.ast.smass2.spectra:data:data08_2185_01_tab::1.0
P,urn:nasa:pds:gbo.ast.smass2.spectra:data:data08_2189_01_tab::1.0
P,urn:nasa:pds:gbo.ast.smass2.spectra:data:data08_2194_01_tab::1.0
P,urn:nasa:pds:gbo.ast.smass2.spectra:data:data08_21_01_tab::1.0
P,urn:nasa:pds:gbo.ast.smass2.spectra:data:data08_221_01_tab::1.0
P,urn:nasa:pds:gbo.ast.smass2.spectra:data:data08_2231_01_tab::1.0
P,urn:nasa:pds:gbo.ast.smass2.spectra:data:data08_2234_01_tab::1.0
P,urn:nasa:pds:gbo.ast.smass2.spectra:data:data08_22449_01_tab::1.0
P,urn:nasa:pds:gbo.ast.smass2.spectra:data:data08_2244_01_tab::1.0
P,urn:nasa:pds:gbo.ast.smass2.spectra:data:data08_2246_01_tab::1.0
P,urn:nasa:pds:gbo.ast.smass2.spectra:data:data08_2251_01_tab::1.0
P,urn:nasa:pds:gbo.ast.smass2.spectra:data:data08_2258_01_tab::1.0
P,urn:nasa:pds:gbo.ast.smass2.spectra:data:data08_2268_01_tab::1.0
P,urn:nasa:pds:gbo.ast.smass2.spectra:data:data08_226_01_tab::1.0
P,urn:nasa:pds:gbo.ast.smass2.spectra:data:data08_2271_01_tab::1.0
P,urn:nasa:pds:gbo.ast.smass2.spectra:data:data08_2280_01_tab::1.0
P,urn:nasa:pds:gbo.ast.smass2.spectra:data:data08_2282_01_tab::1.0
P,urn:nasa:pds:gbo.ast.smass2.spectra:data:data08_228_01_tab::1.0
P,urn:nasa:pds:gbo.ast.smass2.spectra:data:data08_22_01_tab::1.0
P,urn:nasa:pds:gbo.ast.smass2.spectra:data:data08_2305_01_tab::1.0
P,urn:nasa:pds:gbo.ast.smass2.spectra:data:data08_2306_01_tab::1.0
P,urn:nasa:pds:gbo.ast.smass2.spectra:data:data08_2308_01_tab::1.0
P,urn:nasa:pds:gbo.ast.smass2.spectra:data:data09_230_01_tab::1.0
P,urn:nasa:pds:gbo.ast.smass2.spectra:data:data09_2316_01_tab::1.0
P,urn:nasa:pds:gbo.ast.smass2.spectra:data:data09_2317_01_tab::1.0
P,urn:nasa:pds:gbo.ast.smass2.spectra:data:data09_2328_01_tab::1.0
P,urn:nasa:pds:gbo.ast.smass2.spectra:data:data09_2331_00_tab::1.0
P,urn:nasa:pds:gbo.ast.smass2.spectra:data:data09_2335_01_tab::1.0
P,urn:nasa:pds:gbo.ast.smass2.spectra:data:data09_233_01_tab::1.0
P,urn:nasa:pds:gbo.ast.smass2.spectra:data:data09_2346_01_tab::1.0
P,urn:nasa:pds:gbo.ast.smass2.spectra:data:data09_2349_01_tab::1.0
P,urn:nasa:pds:gbo.ast.smass2.spectra:data:data09_234_00_tab::1.0
P,urn:nasa:pds:gbo.ast.smass2.spectra:data:data09_2353_01_tab::1.0
P,urn:nasa:pds:gbo.ast.smass2.spectra:data:data09_2354_01_tab::1.0
P,urn:nasa:pds:gbo.ast.smass2.spectra:data:data09_2369_01_tab::1.0
P,urn:nasa:pds:gbo.ast.smass2.spectra:data:data09_236_00_tab::1.0
P,urn:nasa:pds:gbo.ast.smass2.spectra:data:data09_2370_01_tab::1.0
P,urn:nasa:pds:gbo.ast.smass2.spectra:data:data09_2371_01_tab::1.0
P,urn:nasa:pds:gbo.ast.smass2.spectra:data:data09_2373_01_tab::1.0
P,urn:nasa:pds:gbo.ast.smass2.spectra:data:data09_2378_01_tab::1.0
P,urn:nasa:pds:gbo.ast.smass2.spectra:data:data09_237_01_tab::1.0
P,urn:nasa:pds:gbo.ast.smass2.spectra:data:data09_2380_01_tab::1.0
P,urn:nasa:pds:gbo.ast.smass2.spectra:data:data09_2382_01_tab::1.0
P,urn:nasa:pds:gbo.ast.smass2.spectra:data:data09_2386_01_tab::1.0
P,urn:nasa:pds:gbo.ast.smass2.spectra:data:data09_238_01_tab::1.0
P,urn:nasa:pds:gbo.ast.smass2.spectra:data:data09_2390_01_tab::1.0
P,urn:nasa:pds:gbo.ast.smass2.spectra:data:data09_2396_01_tab::1.0
P,urn:nasa:pds:gbo.ast.smass2.spectra:data:data09_23_01_tab::1.0
P,urn:nasa:pds:gbo.ast.smass2.spectra:data:data09_2401_01_tab::1.0
P,urn:nasa:pds:gbo.ast.smass2.spectra:data:data09_2402_01_tab::1.0
P,urn:nasa:pds:gbo.ast.smass2.spectra:data:data09_2409_01_tab::1.0
P,urn:nasa:pds:gbo.ast.smass2.spectra:data:data09_240_01_tab::1.0
P,urn:nasa:pds:gbo.ast.smass2.spectra:data:data09_2410_01_tab::1.0
P,urn:nasa:pds:gbo.ast.smass2.spectra:data:data09_241_01_tab::1.0
P,urn:nasa:pds:gbo.ast.smass2.spectra:data:data09_2423_00_tab::1.0
P,urn:nasa:pds:gbo.ast.smass2.spectra:data:data09_2427_01_tab::1.0
P,urn:nasa:pds:gbo.ast.smass2.spectra:data:data09_2428_01_tab::1.0
P,urn:nasa:pds:gbo.ast.smass2.spectra:data:data09_242_01_tab::1.0
P,urn:nasa:pds:gbo.ast.smass2.spectra:data:data09_2430_01_tab::1.0
P,urn:nasa:pds:gbo.ast.smass2.spectra:data:data09_2438_01_tab::1.0
P,urn:nasa:pds:gbo.ast.smass2.spectra:data:data09_243_01_tab::1.0
P,urn:nasa:pds:gbo.ast.smass2.spectra:data:data09_2444_01_tab::1.0
P,urn:nasa:pds:gbo.ast.smass2.spectra:data:data09_2446_01_tab::1.0
P,urn:nasa:pds:gbo.ast.smass2.spectra:data:data09_2448_01_tab::1.0
P,urn:nasa:pds:gbo.ast.smass2.spectra:data:data09_244_01_tab::1.0
P,urn:nasa:pds:gbo.ast.smass2.spectra:data:data09_2451_00_tab::1.0
P,urn:nasa:pds:gbo.ast.smass2.spectra:data:data09_2455_01_tab::1.0
P,urn:nasa:pds:gbo.ast.smass2.spectra:data:data09_245_01_tab::1.0
P,urn:nasa:pds:gbo.ast.smass2.spectra:data:data09_2465_01_tab::1.0
P,urn:nasa:pds:gbo.ast.smass2.spectra:data:data09_2467_01_tab::1.0
P,urn:nasa:pds:gbo.ast.smass2.spectra:data:data09_2468_01_tab::1.0
P,urn:nasa:pds:gbo.ast.smass2.spectra:data:data09_246_00_tab::1.0
P,urn:nasa:pds:gbo.ast.smass2.spectra:data:data10_2478_01_tab::1.0
P,urn:nasa:pds:gbo.ast.smass2.spectra:data:data10_247_01_tab::1.0
P,urn:nasa:pds:gbo.ast.smass2.spectra:data:data10_2482_01_tab::1.0
P,urn:nasa:pds:gbo.ast.smass2.spectra:data:data10_2493_01_tab::1.0
P,urn:nasa:pds:gbo.ast.smass2.spectra:data:data10_24_00_tab::1.0
P,urn:nasa:pds:gbo.ast.smass2.spectra:data:data10_2501_01_tab::1.0
P,urn:nasa:pds:gbo.ast.smass2.spectra:data:data10_2504_01_tab::1.0
P,urn:nasa:pds:gbo.ast.smass2.spectra:data:data10_2507_01_tab::1.0
P,urn:nasa:pds:gbo.ast.smass2.spectra:data:data10_2508_01_tab::1.0
P,urn:nasa:pds:gbo.ast.smass2.spectra:data:data10_2509_01_tab::1.0
P,urn:nasa:pds:gbo.ast.smass2.spectra:data:data10_250_01_tab::1.0
P,urn:nasa:pds:gbo.ast.smass2.spectra:data:data10_2511_01_tab::1.0
P,urn:nasa:pds:gbo.ast.smass2.spectra:data:data10_2521_01_tab::1.0
P,urn:nasa:pds:gbo.ast.smass2.spectra:data:data10_2527_01_tab::1.0
P,urn:nasa:pds:gbo.ast.smass2.spectra:data:data10_253_00_tab::1.0
P,urn:nasa:pds:gbo.ast.smass2.spectra:data:data10_2547_01_tab::1.0
P,urn:nasa:pds:gbo.ast.smass2.spectra:data:data10_2559_00_tab::1.0
P,urn:nasa:pds:gbo.ast.smass2.spectra:data:data10_2560_01_tab::1.0
P,urn:nasa:pds:gbo.ast.smass2.spectra:data:data10_2566_00_tab::1.0
P,urn:nasa:pds:gbo.ast.smass2.spectra:data:data10_2567_01_tab::1.0
P,urn:nasa:pds:gbo.ast.smass2.spectra:data:data10_2569_01_tab::1.0
P,urn:nasa:pds:gbo.ast.smass2.spectra:data:data10_2575_01_tab::1.0
P,urn:nasa:pds:gbo.ast.smass2.spectra:data:data10_2579_01_tab::1.0
P,urn:nasa:pds:gbo.ast.smass2.spectra:data:data10_257_00_tab::1.0
P,urn:nasa:pds:gbo.ast.smass2.spectra:data:data10_2582_00_tab::1.0
P,urn:nasa:pds:gbo.ast.smass2.spectra:data:data10_258_01_tab::1.0
P,urn:nasa:pds:gbo.ast.smass2.spectra:data:data10_2598_01_tab::1.0
P,urn:nasa:pds:gbo.ast.smass2.spectra:data:data10_259_01_tab::1.0
P,urn:nasa:pds:gbo.ast.smass2.spectra:data:data10_25_01_tab::1.0
P,urn:nasa:pds:gbo.ast.smass2.spectra:data:data10_2604_01_tab::1.0
P,urn:nasa:pds:gbo.ast.smass2.spectra:data:data10_2606_01_tab::1.0
P,urn:nasa:pds:gbo.ast.smass2.spectra:data:data10_261_01_tab::1.0
P,urn:nasa:pds:gbo.ast.smass2.spectra:data:data10_26209_01_tab::1.0
P,urn:nasa:pds:gbo.ast.smass2.spectra:data:data10_2625_01_tab::1.0
P,urn:nasa:pds:gbo.ast.smass2.spectra:data:data10_2629_01_tab::1.0
P,urn:nasa:pds:gbo.ast.smass2.spectra:data:data10_2631_01_tab::1.0
P,urn:nasa:pds:gbo.ast.smass2.spectra:data:data10_2635_01_tab::1.0
P,urn:nasa:pds:gbo.ast.smass2.spectra:data:data10_263_01_tab::1.0
P,urn:nasa:pds:gbo.ast.smass2.spectra:data:data10_2640_01_tab::1.0
P,urn:nasa:pds:gbo.ast.smass2.spectra:data:data10_264_01_tab::1.0
P,urn:nasa:pds:gbo.ast.smass2.spectra:data:data10_2653_01_tab::1.0
P,urn:nasa:pds:gbo.ast.smass2.spectra:data:data10_2659_01_tab::1.0
P,urn:nasa:pds:gbo.ast.smass2.spectra:data:data10_266_01_tab::1.0
P,urn:nasa:pds:gbo.ast.smass2.spectra:data:data10_2675_01_tab::1.0
P,urn:nasa:pds:gbo.ast.smass2.spectra:data:data10_267_01_tab::1.0
P,urn:nasa:pds:gbo.ast.smass2.spectra:data:data10_2681_01_tab::1.0
P,urn:nasa:pds:gbo.ast.smass2.spectra:data:data10_269_01_tab::1.0
P,urn:nasa:pds:gbo.ast.smass2.spectra:data:data10_26_01_tab::1.0
P,urn:nasa:pds:gbo.ast.smass2.spectra:data:data10_2703_00_tab::1.0
P,urn:nasa:pds:gbo.ast.smass2.spectra:data:data10_2704_01_tab::1.0
P,urn:nasa:pds:gbo.ast.smass2.spectra:data:data11_2708_01_tab::1.0
P,urn:nasa:pds:gbo.ast.smass2.spectra:data:data11_2709_01_tab::1.0
P,urn:nasa:pds:gbo.ast.smass2.spectra:data:data11_2715_01_tab::1.0
P,urn:nasa:pds:gbo.ast.smass2.spectra:data:data11_2720_01_tab::1.0
P,urn:nasa:pds:gbo.ast.smass2.spectra:data:data11_2724_01_tab::1.0
P,urn:nasa:pds:gbo.ast.smass2.spectra:data:data11_272_01_tab::1.0
P,urn:nasa:pds:gbo.ast.smass2.spectra:data:data11_2730_01_tab::1.0
P,urn:nasa:pds:gbo.ast.smass2.spectra:data:data11_2732_01_tab::1.0
P,urn:nasa:pds:gbo.ast.smass2.spectra:data:data11_2733_01_tab::1.0
P,urn:nasa:pds:gbo.ast.smass2.spectra:data:data11_2736_01_tab::1.0
P,urn:nasa:pds:gbo.ast.smass2.spectra:data:data11_2737_00_tab::1.0
P,urn:nasa:pds:gbo.ast.smass2.spectra:data:data11_2744_01_tab::1.0
P,urn:nasa:pds:gbo.ast.smass2.spectra:data:data11_2746_01_tab::1.0
P,urn:nasa:pds:gbo.ast.smass2.spectra:data:data11_2748_01_tab::1.0
P,urn:nasa:pds:gbo.ast.smass2.spectra:data:data11_2750_01_tab::1.0
P,urn:nasa:pds:gbo.ast.smass2.spectra:data:data11_2754_01_tab::1.0
P,urn:nasa:pds:gbo.ast.smass2.spectra:data:data11_275_01_tab::1.0
P,urn:nasa:pds:gbo.ast.smass2.spectra:data:data11_2762_01_tab::1.0
P,urn:nasa:pds:gbo.ast.smass2.spectra:data:data11_2763_01_tab::1.0
P,urn:nasa:pds:gbo.ast.smass2.spectra:data:data11_2772_01_tab::1.0
P,urn:nasa:pds:gbo.ast.smass2.spectra:data:data11_2778_01_tab::1.0
P,urn:nasa:pds:gbo.ast.smass2.spectra:data:data11_2789_01_tab::1.0
P,urn:nasa:pds:gbo.ast.smass2.spectra:data:data11_278_01_tab::1.0
P,urn:nasa:pds:gbo.ast.smass2.spectra:data:data11_2791_01_tab::1.0
P,urn:nasa:pds:gbo.ast.smass2.spectra:data:data11_2795_01_tab::1.0
P,urn:nasa:pds:gbo.ast.smass2.spectra:data:data11_279_01_tab::1.0
P,urn:nasa:pds:gbo.ast.smass2.spectra:data:data11_27_01_tab::1.0
P,urn:nasa:pds:gbo.ast.smass2.spectra:data:data11_2801_01_tab::1.0
P,urn:nasa:pds:gbo.ast.smass2.spectra:data:data11_2807_01_tab::1.0
P,urn:nasa:pds:gbo.ast.smass2.spectra:data:data11_2809_01_tab::1.0
P,urn:nasa:pds:gbo.ast.smass2.spectra:data:data11_2813_01_tab::1.0
P,urn:nasa:pds:gbo.ast.smass2.spectra:data:data11_2816_01_tab::1.0
P,urn:nasa:pds:gbo.ast.smass2.spectra:data:data11_2818_01_tab::1.0
P,urn:nasa:pds:gbo.ast.smass2.spectra:data:data11_281_01_tab::1.0
P,urn:nasa:pds:gbo.ast.smass2.spectra:data:data11_2827_01_tab::1.0
P,urn:nasa:pds:gbo.ast.smass2.spectra:data:data11_282_01_tab::1.0
P,urn:nasa:pds:gbo.ast.smass2.spectra:data:data11_2834_01_tab::1.0
P,urn:nasa:pds:gbo.ast.smass2.spectra:data:data11_2840_01_tab::1.0
P,urn:nasa:pds:gbo.ast.smass2.spectra:data:data11_284_01_tab::1.0
P,urn:nasa:pds:gbo.ast.smass2.spectra:data:data11_2850_01_tab::1.0
P,urn:nasa:pds:gbo.ast.smass2.spectra:data:data11_2851_01_tab::1.0
P,urn:nasa:pds:gbo.ast.smass2.spectra:data:data11_2852_01_tab::1.0
P,urn:nasa:pds:gbo.ast.smass2.spectra:data:data11_2855_01_tab::1.0
P,urn:nasa:pds:gbo.ast.smass2.spectra:data:data11_2857_01_tab::1.0
P,urn:nasa:pds:gbo.ast.smass2.spectra:data:data11_2861_01_tab::1.0
P,urn:nasa:pds:gbo.ast.smass2.spectra:data:data11_2864_01_tab::1.0
P,urn:nasa:pds:gbo.ast.smass2.spectra:data:data11_286_01_tab::1.0
P,urn:nasa:pds:gbo.ast.smass2.spectra:data:data11_2872_01_tab::1.0
P,urn:nasa:pds:gbo.ast.smass2.spectra:data:data11_2873_00_tab::1.0
P,urn:nasa:pds:gbo.ast.smass2.spectra:data:data11_2874_01_tab::1.0
P,urn:nasa:pds:gbo.ast.smass2.spectra:data:data12_2875_01_tab::1.0
P,urn:nasa:pds:gbo.ast.smass2.spectra:data:data12_2879_01_tab::1.0
P,urn:nasa:pds:gbo.ast.smass2.spectra:data:data12_2881_01_tab::1.0
P,urn:nasa:pds:gbo.ast.smass2.spectra:data:data12_288_01_tab::1.0
P,urn:nasa:pds:gbo.ast.smass2.spectra:data:data12_2892_01_tab::1.0
P,urn:nasa:pds:gbo.ast.smass2.spectra:data:data12_289_01_tab::1.0
P,urn:nasa:pds:gbo.ast.smass2.spectra:data:data12_28_01_tab::1.0
P,urn:nasa:pds:gbo.ast.smass2.spectra:data:data12_2902_00_tab::1.0
P,urn:nasa:pds:gbo.ast.smass2.spectra:data:data12_2905_01_tab::1.0
P,urn:nasa:pds:gbo.ast.smass2.spectra:data:data12_2906_01_tab::1.0
P,urn:nasa:pds:gbo.ast.smass2.spectra:data:data12_2911_00_tab::1.0
P,urn:nasa:pds:gbo.ast.smass2.spectra:data:data12_2912_01_tab::1.0
P,urn:nasa:pds:gbo.ast.smass2.spectra:data:data12_2917_01_tab::1.0
P,urn:nasa:pds:gbo.ast.smass2.spectra:data:data12_2925_01_tab::1.0
P,urn:nasa:pds:gbo.ast.smass2.spectra:data:data12_2929_01_tab::1.0
P,urn:nasa:pds:gbo.ast.smass2.spectra:data:data12_2930_00_tab::1.0
P,urn:nasa:pds:gbo.ast.smass2.spectra:data:data12_2934_01_tab::1.0
P,urn:nasa:pds:gbo.ast.smass2.spectra:data:data12_2949_01_tab::1.0
P,urn:nasa:pds:gbo.ast.smass2.spectra:data:data12_2952_01_tab::1.0
P,urn:nasa:pds:gbo.ast.smass2.spectra:data:data12_2953_01_tab::1.0
P,urn:nasa:pds:gbo.ast.smass2.spectra:data:data12_2955_01_tab::1.0
P,urn:nasa:pds:gbo.ast.smass2.spectra:data:data12_2956_01_tab::1.0
P,urn:nasa:pds:gbo.ast.smass2.spectra:data:data12_2957_01_tab::1.0
P,urn:nasa:pds:gbo.ast.smass2.spectra:data:data12_295_01_tab::1.0
P,urn:nasa:pds:gbo.ast.smass2.spectra:data:data12_2973_01_tab::1.0
P,urn:nasa:pds:gbo.ast.smass2.spectra:data:data12_2977_01_tab::1.0
P,urn:nasa:pds:gbo.ast.smass2.spectra:data:data12_2988_01_tab::1.0
P,urn:nasa:pds:gbo.ast.smass2.spectra:data:data12_2996_01_tab::1.0
P,urn:nasa:pds:gbo.ast.smass2.spectra:data:data12_29_01_tab::1.0
P,urn:nasa:pds:gbo.ast.smass2.spectra:data:data12_2_01_tab::1.0
P,urn:nasa:pds:gbo.ast.smass2.spectra:data:data12_3000_01_tab::1.0
P,urn:nasa:pds:gbo.ast.smass2.spectra:data:data12_3007_01_tab::1.0
P,urn:nasa:pds:gbo.ast.smass2.spectra:data:data12_301_01_tab::1.0
P,urn:nasa:pds:gbo.ast.smass2.spectra:data:data12_3020_01_tab::1.0
P,urn:nasa:pds:gbo.ast.smass2.spectra:data:data12_3028_01_tab::1.0
P,urn:nasa:pds:gbo.ast.smass2.spectra:data:data12_3037_01_tab::1.0
P,urn:nasa:pds:gbo.ast.smass2.spectra:data:data12_3040_01_tab::1.0
P,urn:nasa:pds:gbo.ast.smass2.spectra:data:data12_304_00_tab::1.0
P,urn:nasa:pds:gbo.ast.smass2.spectra:data:data12_3060_01_tab::1.0
P,urn:nasa:pds:gbo.ast.smass2.spectra:data:data12_3065_01_tab::1.0
P,urn:nasa:pds:gbo.ast.smass2.spectra:data:data12_306_01_tab::1.0
P,urn:nasa:pds:gbo.ast.smass2.spectra:data:data12_3074_01_tab::1.0
P,urn:nasa:pds:gbo.ast.smass2.spectra:data:data12_3085_01_tab::1.0
P,urn:nasa:pds:gbo.ast.smass2.spectra:data:data12_308_00_tab::1.0
P,urn:nasa:pds:gbo.ast.smass2.spectra:data:data12_3090_01_tab::1.0
P,urn:nasa:pds:gbo.ast.smass2.spectra:data:data12_3096_01_tab::1.0
P,urn:nasa:pds:gbo.ast.smass2.spectra:data:data12_30_01_tab::1.0
P,urn:nasa:pds:gbo.ast.smass2.spectra:data:data12_310_01_tab::1.0
P,urn:nasa:pds:gbo.ast.smass2.spectra:data:data12_3121_01_tab::1.0
P,urn:nasa:pds:gbo.ast.smass2.spectra:data:data12_312_01_tab::1.0
P,urn:nasa:pds:gbo.ast.smass2.spectra:data:data13_3137_01_tab::1.0
P,urn:nasa:pds:gbo.ast.smass2.spectra:data:data13_3151_01_tab::1.0
P,urn:nasa:pds:gbo.ast.smass2.spectra:data:data13_3155_01_tab::1.0
P,urn:nasa:pds:gbo.ast.smass2.spectra:data:data13_3169_01_tab::1.0
P,urn:nasa:pds:gbo.ast.smass2.spectra:data:data13_3170_01_tab::1.0
P,urn:nasa:pds:gbo.ast.smass2.spectra:data:data13_3175_01_tab::1.0
P,urn:nasa:pds:gbo.ast.smass2.spectra:data:data13_3179_01_tab::1.0
P,urn:nasa:pds:gbo.ast.smass2.spectra:data:data13_317_01_tab::1.0
P,urn:nasa:pds:gbo.ast.smass2.spectra:data:data13_3181_01_tab::1.0
P,urn:nasa:pds:gbo.ast.smass2.spectra:data:data13_3192_00_tab::1.0
P,urn:nasa:pds:gbo.ast.smass2.spectra:data:data13_3197_01_tab::1.0
P,urn:nasa:pds:gbo.ast.smass2.spectra:data:data13_3198_01_tab::1.0
P,urn:nasa:pds:gbo.ast.smass2.spectra:data:data13_31_01_tab::1.0
P,urn:nasa:pds:gbo.ast.smass2.spectra:data:data13_3209_00_tab::1.0
P,urn:nasa:pds:gbo.ast.smass2.spectra:data:data13_3214_01_tab::1.0
P,urn:nasa:pds:gbo.ast.smass2.spectra:data:data13_3216_01_tab::1.0
P,urn:nasa:pds:gbo.ast.smass2.spectra:data:data13_321_01_tab::1.0
P,urn:nasa:pds:gbo.ast.smass2.spectra:data:data13_3224_01_tab::1.0
P,urn:nasa:pds:gbo.ast.smass2.spectra:data:data13_322_01_tab::1.0
P,urn:nasa:pds:gbo.ast.smass2.spectra:data:data13_3248_01_tab::1.0
P,urn:nasa:pds:gbo.ast.smass2.spectra:data:data13_3249_01_tab::1.0
P,urn:nasa:pds:gbo.ast.smass2.spectra:data:data13_3254_01_tab::1.0
P,urn:nasa:pds:gbo.ast.smass2.spectra:data:data13_3255_01_tab::1.0
P,urn:nasa:pds:gbo.ast.smass2.spectra:data:data13_3256_01_tab::1.0
P,urn:nasa:pds:gbo.ast.smass2.spectra:data:data13_3258_01_tab::1.0
P,urn:nasa:pds:gbo.ast.smass2.spectra:data:data13_3262_01_tab::1.0
P,urn:nasa:pds:gbo.ast.smass2.spectra:data:data13_3265_01_tab::1.0
P,urn:nasa:pds:gbo.ast.smass2.spectra:data:data13_327_01_tab::1.0
P,urn:nasa:pds:gbo.ast.smass2.spectra:data:data13_3287_01_tab::1.0
P,urn:nasa:pds:gbo.ast.smass2.spectra:data:data13_32_01_tab::1.0
P,urn:nasa:pds:gbo.ast.smass2.spectra:data:data13_3306_01_tab::1.0
P,urn:nasa:pds:gbo.ast.smass2.spectra:data:data13_3307_01_tab::1.0
P,urn:nasa:pds:gbo.ast.smass2.spectra:data:data13_3309_01_tab::1.0
P,urn:nasa:pds:gbo.ast.smass2.spectra:data:data13_3311_01_tab::1.0
P,urn:nasa:pds:gbo.ast.smass2.spectra:data:data13_3314_01_tab::1.0
P,urn:nasa:pds:gbo.ast.smass2.spectra:data:data13_3317_00_tab::1.0
P,urn:nasa:pds:gbo.ast.smass2.spectra:data:data13_331_01_tab::1.0
P,urn:nasa:pds:gbo.ast.smass2.spectra:data:data13_3320_01_tab::1.0
P,urn:nasa:pds:gbo.ast.smass2.spectra:data:data13_332_01_tab::1.0
P,urn:nasa:pds:gbo.ast.smass2.spectra:data:data13_3340_01_tab::1.0
P,urn:nasa:pds:gbo.ast.smass2.spectra:data:data13_3345_01_tab::1.0
P,urn:nasa:pds:gbo.ast.smass2.spectra:data:data13_3349_01_tab::1.0
P,urn:nasa:pds:gbo.ast.smass2.spectra:data:data13_335_01_tab::1.0
P,urn:nasa:pds:gbo.ast.smass2.spectra:data:data13_3363_01_tab::1.0
P,urn:nasa:pds:gbo.ast.smass2.spectra:data:data13_3364_01_tab::1.0
P,urn:nasa:pds:gbo.ast.smass2.spectra:data:data13_3365_01_tab::1.0
P,urn:nasa:pds:gbo.ast.smass2.spectra:data:data13_3367_01_tab::1.0
P,urn:nasa:pds:gbo.ast.smass2.spectra:data:data13_336_01_tab::1.0
P,urn:nasa:pds:gbo.ast.smass2.spectra:data:data13_3371_01_tab::1.0
P,urn:nasa:pds:gbo.ast.smass2.spectra:data:data13_3375_01_tab::1.0
P,urn:nasa:pds:gbo.ast.smass2.spectra:data:data14_3376_00_tab::1.0
P,urn:nasa:pds:gbo.ast.smass2.spectra:data:data14_337_01_tab::1.0
P,urn:nasa:pds:gbo.ast.smass2.spectra:data:data14_3385_01_tab::1.0
P,urn:nasa:pds:gbo.ast.smass2.spectra:data:data14_3389_01_tab::1.0
P,urn:nasa:pds:gbo.ast.smass2.spectra:data:data14_338_01_tab::1.0
P,urn:nasa:pds:gbo.ast.smass2.spectra:data:data14_3394_01_tab::1.0
P,urn:nasa:pds:gbo.ast.smass2.spectra:data:data14_3395_01_tab::1.0
P,urn:nasa:pds:gbo.ast.smass2.spectra:data:data14_339_00_tab::1.0
P,urn:nasa:pds:gbo.ast.smass2.spectra:data:data14_33_01_tab::1.0
P,urn:nasa:pds:gbo.ast.smass2.spectra:data:data14_3401_01_tab::1.0
P,urn:nasa:pds:gbo.ast.smass2.spectra:data:data14_3406_01_tab::1.0
P,urn:nasa:pds:gbo.ast.smass2.spectra:data:data14_3416_01_tab::1.0
P,urn:nasa:pds:gbo.ast.smass2.spectra:data:data14_3417_01_tab::1.0
P,urn:nasa:pds:gbo.ast.smass2.spectra:data:data14_342_01_tab::1.0
P,urn:nasa:pds:gbo.ast.smass2.spectra:data:data14_3430_01_tab::1.0
P,urn:nasa:pds:gbo.ast.smass2.spectra:data:data14_3435_01_tab::1.0
P,urn:nasa:pds:gbo.ast.smass2.spectra:data:data14_3440_01_tab::1.0
P,urn:nasa:pds:gbo.ast.smass2.spectra:data:data14_3443_01_tab::1.0
P,urn:nasa:pds:gbo.ast.smass2.spectra:data:data14_3451_01_tab::1.0
P,urn:nasa:pds:gbo.ast.smass2.spectra:data:data14_3458_01_tab::1.0
P,urn:nasa:pds:gbo.ast.smass2.spectra:data:data14_345_01_tab::1.0
P,urn:nasa:pds:gbo.ast.smass2.spectra:data:data14_346_00_tab::1.0
P,urn:nasa:pds:gbo.ast.smass2.spectra:data:data14_3474_01_tab::1.0
P,urn:nasa:pds:gbo.ast.smass2.spectra:data:data14_348_01_tab::1.0
P,urn:nasa:pds:gbo.ast.smass2.spectra:data:data14_3491_01_tab::1.0
P,urn:nasa:pds:gbo.ast.smass2.spectra:data:data14_3493_01_tab::1.0
P,urn:nasa:pds:gbo.ast.smass2.spectra:data:data14_3498_01_tab::1.0
P,urn:nasa:pds:gbo.ast.smass2.spectra:data:data14_349_01_tab::1.0
P,urn:nasa:pds:gbo.ast.smass2.spectra:data:data14_34_00_tab::1.0
P,urn:nasa:pds:gbo.ast.smass2.spectra:data:data14_3507_01_tab::1.0
P,urn:nasa:pds:gbo.ast.smass2.spectra:data:data14_3511_01_tab::1.0
P,urn:nasa:pds:gbo.ast.smass2.spectra:data:data14_3526_01_tab::1.0
P,urn:nasa:pds:gbo.ast.smass2.spectra:data:data14_3527_01_tab::1.0
P,urn:nasa:pds:gbo.ast.smass2.spectra:data:data14_352_00_tab::1.0
P,urn:nasa:pds:gbo.ast.smass2.spectra:data:data14_3533_01_tab::1.0
P,urn:nasa:pds:gbo.ast.smass2.spectra:data:data14_3534_01_tab::1.0
P,urn:nasa:pds:gbo.ast.smass2.spectra:data:data14_3536_01_tab::1.0
P,urn:nasa:pds:gbo.ast.smass2.spectra:data:data14_353_00_tab::1.0
P,urn:nasa:pds:gbo.ast.smass2.spectra:data:data14_3542_01_tab::1.0
P,urn:nasa:pds:gbo.ast.smass2.spectra:data:data14_3545_01_tab::1.0
P,urn:nasa:pds:gbo.ast.smass2.spectra:data:data14_3546_01_tab::1.0
P,urn:nasa:pds:gbo.ast.smass2.spectra:data:data14_354_00_tab::1.0
P,urn:nasa:pds:gbo.ast.smass2.spectra:data:data14_355_01_tab::1.0
P,urn:nasa:pds:gbo.ast.smass2.spectra:data:data14_3563_00_tab::1.0
P,urn:nasa:pds:gbo.ast.smass2.spectra:data:data14_3566_01_tab::1.0
P,urn:nasa:pds:gbo.ast.smass2.spectra:data:data14_3567_01_tab::1.0
P,urn:nasa:pds:gbo.ast.smass2.spectra:data:data14_3575_01_tab::1.0
P,urn:nasa:pds:gbo.ast.smass2.spectra:data:data14_3576_01_tab::1.0
P,urn:nasa:pds:gbo.ast.smass2.spectra:data:data14_3579_01_tab::1.0
P,urn:nasa:pds:gbo.ast.smass2.spectra:data:data14_3581_01_tab::1.0
P,urn:nasa:pds:gbo.ast.smass2.spectra:data:data15_3587_01_tab::1.0
P,urn:nasa:pds:gbo.ast.smass2.spectra:data:data15_358_01_tab::1.0
P,urn:nasa:pds:gbo.ast.smass2.spectra:data:data15_3592_01_tab::1.0
P,urn:nasa:pds:gbo.ast.smass2.spectra:data:data15_359_01_tab::1.0
P,urn:nasa:pds:gbo.ast.smass2.spectra:data:data15_35_01_tab::1.0
P,urn:nasa:pds:gbo.ast.smass2.spectra:data:data15_360_01_tab::1.0
P,urn:nasa:pds:gbo.ast.smass2.spectra:data:data15_3611_00_tab::1.0
P,urn:nasa:pds:gbo.ast.smass2.spectra:data:data15_3627_01_tab::1.0
P,urn:nasa:pds:gbo.ast.smass2.spectra:data:data15_3628_01_tab::1.0
P,urn:nasa:pds:gbo.ast.smass2.spectra:data:data15_3630_01_tab::1.0
P,urn:nasa:pds:gbo.ast.smass2.spectra:data:data15_3635_01_tab::1.0
P,urn:nasa:pds:gbo.ast.smass2.spectra:data:data15_3636_01_tab::1.0
P,urn:nasa:pds:gbo.ast.smass2.spectra:data:data15_363_01_tab::1.0
P,urn:nasa:pds:gbo.ast.smass2.spectra:data:data15_3640_01_tab::1.0
P,urn:nasa:pds:gbo.ast.smass2.spectra:data:data15_3642_01_tab::1.0
P,urn:nasa:pds:gbo.ast.smass2.spectra:data:data15_3645_01_tab::1.0
P,urn:nasa:pds:gbo.ast.smass2.spectra:data:data15_3647_01_tab::1.0
P,urn:nasa:pds:gbo.ast.smass2.spectra:data:data15_3654_01_tab::1.0
P,urn:nasa:pds:gbo.ast.smass2.spectra:data:data15_3658_01_tab::1.0
P,urn:nasa:pds:gbo.ast.smass2.spectra:data:data15_365_01_tab::1.0
P,urn:nasa:pds:gbo.ast.smass2.spectra:data:data15_3669_01_tab::1.0
P,urn:nasa:pds:gbo.ast.smass2.spectra:data:data15_366_01_tab::1.0
P,urn:nasa:pds:gbo.ast.smass2.spectra:data:data15_3670_01_tab::1.0
P,urn:nasa:pds:gbo.ast.smass2.spectra:data:data15_3674_01_tab::1.0
P,urn:nasa:pds:gbo.ast.smass2.spectra:data:data15_3678_01_tab::1.0
P,urn:nasa:pds:gbo.ast.smass2.spectra:data:data15_3684_01_tab::1.0
P,urn:nasa:pds:gbo.ast.smass2.spectra:data:data15_3686_01_tab::1.0
P,urn:nasa:pds:gbo.ast.smass2.spectra:data:data15_3687_01_tab::1.0
P,urn:nasa:pds:gbo.ast.smass2.spectra:data:data15_3700_01_tab::1.0
P,urn:nasa:pds:gbo.ast.smass2.spectra:data:data15_3701_01_tab::1.0
P,urn:nasa:pds:gbo.ast.smass2.spectra:data:data15_3704_01_tab::1.0
P,urn:nasa:pds:gbo.ast.smass2.spectra:data:data15_3710_01_tab::1.0
P,urn:nasa:pds:gbo.ast.smass2.spectra:data:data15_3712_01_tab::1.0
P,urn:nasa:pds:gbo.ast.smass2.spectra:data:data15_3713_01_tab::1.0
P,urn:nasa:pds:gbo.ast.smass2.spectra:data:data15_371_00_tab::1.0
P,urn:nasa:pds:gbo.ast.smass2.spectra:data:data15_372_01_tab::1.0
P,urn:nasa:pds:gbo.ast.smass2.spectra:data:data15_3730_01_tab::1.0
P,urn:nasa:pds:gbo.ast.smass2.spectra:data:data15_3734_01_tab::1.0
P,urn:nasa:pds:gbo.ast.smass2.spectra:data:data15_3737_01_tab::1.0
P,urn:nasa:pds:gbo.ast.smass2.spectra:data:data15_3744_01_tab::1.0
P,urn:nasa:pds:gbo.ast.smass2.spectra:data:data15_374_01_tab::1.0
P,urn:nasa:pds:gbo.ast.smass2.spectra:data:data15_3759_01_tab::1.0
P,urn:nasa:pds:gbo.ast.smass2.spectra:data:data15_375_01_tab::1.0
P,urn:nasa:pds:gbo.ast.smass2.spectra:data:data15_3762_01_tab::1.0
P,urn:nasa:pds:gbo.ast.smass2.spectra:data:data15_3767_01_tab::1.0
P,urn:nasa:pds:gbo.ast.smass2.spectra:data:data15_376_01_tab::1.0
P,urn:nasa:pds:gbo.ast.smass2.spectra:data:data15_3775_01_tab::1.0
P,urn:nasa:pds:gbo.ast.smass2.spectra:data:data15_377_01_tab::1.0
P,urn:nasa:pds:gbo.ast.smass2.spectra:data:data15_3782_01_tab::1.0
P,urn:nasa:pds:gbo.ast.smass2.spectra:data:data15_3788_01_tab::1.0
P,urn:nasa:pds:gbo.ast.smass2.spectra:data:data16_378_01_tab::1.0
P,urn:nasa:pds:gbo.ast.smass2.spectra:data:data16_3792_01_tab::1.0
P,urn:nasa:pds:gbo.ast.smass2.spectra:data:data16_3796_01_tab::1.0
P,urn:nasa:pds:gbo.ast.smass2.spectra:data:data16_379_00_tab::1.0
P,urn:nasa:pds:gbo.ast.smass2.spectra:data:data16_37_00_tab::1.0
P,urn:nasa:pds:gbo.ast.smass2.spectra:data:data16_3800_01_tab::1.0
P,urn:nasa:pds:gbo.ast.smass2.spectra:data:data16_3809_01_tab::1.0
P,urn:nasa:pds:gbo.ast.smass2.spectra:data:data16_3813_01_tab::1.0
P,urn:nasa:pds:gbo.ast.smass2.spectra:data:data16_3819_01_tab::1.0
P,urn:nasa:pds:gbo.ast.smass2.spectra:data:data16_381_01_tab::1.0
P,urn:nasa:pds:gbo.ast.smass2.spectra:data:data16_3824_01_tab::1.0
P,urn:nasa:pds:gbo.ast.smass2.spectra:data:data16_3827_01_tab::1.0
P,urn:nasa:pds:gbo.ast.smass2.spectra:data:data16_3829_01_tab::1.0
P,urn:nasa:pds:gbo.ast.smass2.spectra:data:data16_3831_01_tab::1.0
P,urn:nasa:pds:gbo.ast.smass2.spectra:data:data16_3833_01_tab::1.0
P,urn:nasa:pds:gbo.ast.smass2.spectra:data:data16_383_01_tab::1.0
P,urn:nasa:pds:gbo.ast.smass2.spectra:data:data16_3841_01_tab::1.0
P,urn:nasa:pds:gbo.ast.smass2.spectra:data:data16_3844_01_tab::1.0
P,urn:nasa:pds:gbo.ast.smass2.spectra:data:data16_3849_01_tab::1.0
P,urn:nasa:pds:gbo.ast.smass2.spectra:data:data16_384_01_tab::1.0
P,urn:nasa:pds:gbo.ast.smass2.spectra:data:data16_3850_01_tab::1.0
P,urn:nasa:pds:gbo.ast.smass2.spectra:data:data16_3853_01_tab::1.0
P,urn:nasa:pds:gbo.ast.smass2.spectra:data:data16_3858_01_tab::1.0
P,urn:nasa:pds:gbo.ast.smass2.spectra:data:data16_3860_01_tab::1.0
P,urn:nasa:pds:gbo.ast.smass2.spectra:data:data16_3861_01_tab::1.0
P,urn:nasa:pds:gbo.ast.smass2.spectra:data:data16_3862_01_tab::1.0
P,urn:nasa:pds:gbo.ast.smass2.spectra:data:data16_3865_01_tab::1.0
P,urn:nasa:pds:gbo.ast.smass2.spectra:data:data16_386_00_tab::1.0
P,urn:nasa:pds:gbo.ast.smass2.spectra:data:data16_3873_01_tab::1.0
P,urn:nasa:pds:gbo.ast.smass2.spectra:data:data16_387_01_tab::1.0
P,urn:nasa:pds:gbo.ast.smass2.spectra:data:data16_3885_01_tab::1.0
P,urn:nasa:pds:gbo.ast.smass2.spectra:data:data16_3886_01_tab::1.0
P,urn:nasa:pds:gbo.ast.smass2.spectra:data:data16_388_01_tab::1.0
P,urn:nasa:pds:gbo.ast.smass2.spectra:data:data16_389_01_tab::1.0
P,urn:nasa:pds:gbo.ast.smass2.spectra:data:data16_38_01_tab::1.0
P,urn:nasa:pds:gbo.ast.smass2.spectra:data:data16_3900_01_tab::1.0
P,urn:nasa:pds:gbo.ast.smass2.spectra:data:data16_3903_01_tab::1.0
P,urn:nasa:pds:gbo.ast.smass2.spectra:data:data16_3910_01_tab::1.0
P,urn:nasa:pds:gbo.ast.smass2.spectra:data:data16_391_01_tab::1.0
P,urn:nasa:pds:gbo.ast.smass2.spectra:data:data16_3920_01_tab::1.0
P,urn:nasa:pds:gbo.ast.smass2.spectra:data:data16_392_01_tab::1.0
P,urn:nasa:pds:gbo.ast.smass2.spectra:data:data16_393_01_tab::1.0
P,urn:nasa:pds:gbo.ast.smass2.spectra:data:data16_3949_01_tab::1.0
P,urn:nasa:pds:gbo.ast.smass2.spectra:data:data16_394_00_tab::1.0
P,urn:nasa:pds:gbo.ast.smass2.spectra:data:data16_3958_01_tab::1.0
P,urn:nasa:pds:gbo.ast.smass2.spectra:data:data16_395_01_tab::1.0
P,urn:nasa:pds:gbo.ast.smass2.spectra:data:data16_396_01_tab::1.0
P,urn:nasa:pds:gbo.ast.smass2.spectra:data:data16_3971_01_tab::1.0
P,urn:nasa:pds:gbo.ast.smass2.spectra:data:data16_3972_01_tab::1.0
P,urn:nasa:pds:gbo.ast.smass2.spectra:data:data16_3976_01_tab::1.0
P,urn:nasa:pds:gbo.ast.smass2.spectra:data:data17_397_01_tab::1.0
P,urn:nasa:pds:gbo.ast.smass2.spectra:data:data17_3985_01_tab::1.0
P,urn:nasa:pds:gbo.ast.smass2.spectra:data:data17_398_01_tab::1.0
P,urn:nasa:pds:gbo.ast.smass2.spectra:data:data17_399_01_tab::1.0
P,urn:nasa:pds:gbo.ast.smass2.spectra:data:data17_39_01_tab::1.0
P,urn:nasa:pds:gbo.ast.smass2.spectra:data:data17_3_00_tab::1.0
P,urn:nasa:pds:gbo.ast.smass2.spectra:data:data17_4001_01_tab::1.0
P,urn:nasa:pds:gbo.ast.smass2.spectra:data:data17_402_01_tab::1.0
P,urn:nasa:pds:gbo.ast.smass2.spectra:data:data17_4033_01_tab::1.0
P,urn:nasa:pds:gbo.ast.smass2.spectra:data:data17_4036_01_tab::1.0
P,urn:nasa:pds:gbo.ast.smass2.spectra:data:data17_4037_01_tab::1.0
P,urn:nasa:pds:gbo.ast.smass2.spectra:data:data17_4039_01_tab::1.0
P,urn:nasa:pds:gbo.ast.smass2.spectra:data:data17_403_01_tab::1.0
P,urn:nasa:pds:gbo.ast.smass2.spectra:data:data17_404_01_tab::1.0
P,urn:nasa:pds:gbo.ast.smass2.spectra:data:data17_4051_01_tab::1.0
P,urn:nasa:pds:gbo.ast.smass2.spectra:data:data17_405_01_tab::1.0
P,urn:nasa:pds:gbo.ast.smass2.spectra:data:data17_4072_01_tab::1.0
P,urn:nasa:pds:gbo.ast.smass2.spectra:data:data17_4082_01_tab::1.0
P,urn:nasa:pds:gbo.ast.smass2.spectra:data:data17_4096_01_tab::1.0
P,urn:nasa:pds:gbo.ast.smass2.spectra:data:data17_409_01_tab::1.0
P,urn:nasa:pds:gbo.ast.smass2.spectra:data:data17_40_01_tab::1.0
P,urn:nasa:pds:gbo.ast.smass2.spectra:data:data17_4107_01_tab::1.0
P,urn:nasa:pds:gbo.ast.smass2.spectra:data:data17_410_01_tab::1.0
P,urn:nasa:pds:gbo.ast.smass2.spectra:data:data17_4116_01_tab::1.0
P,urn:nasa:pds:gbo.ast.smass2.spectra:data:data17_4124_01_tab::1.0
P,urn:nasa:pds:gbo.ast.smass2.spectra:data:data17_412_01_tab::1.0
P,urn:nasa:pds:gbo.ast.smass2.spectra:data:data17_4135_01_tab::1.0
P,urn:nasa:pds:gbo.ast.smass2.spectra:data:data17_413_01_tab::1.0
P,urn:nasa:pds:gbo.ast.smass2.spectra:data:data17_4142_01_tab::1.0
P,urn:nasa:pds:gbo.ast.smass2.spectra:data:data17_414_01_tab::1.0
P,urn:nasa:pds:gbo.ast.smass2.spectra:data:data17_4156_00_tab::1.0
P,urn:nasa:pds:gbo.ast.smass2.spectra:data:data17_4157_01_tab::1.0
P,urn:nasa:pds:gbo.ast.smass2.spectra:data:data17_416_01_tab::1.0
P,urn:nasa:pds:gbo.ast.smass2.spectra:data:data17_417_01_tab::1.0
P,urn:nasa:pds:gbo.ast.smass2.spectra:data:data17_4182_01_tab::1.0
P,urn:nasa:pds:gbo.ast.smass2.spectra:data:data17_4188_01_tab::1.0
P,urn:nasa:pds:gbo.ast.smass2.spectra:data:data17_4194_01_tab::1.0
P,urn:nasa:pds:gbo.ast.smass2.spectra:data:data17_41_01_tab::1.0
P,urn:nasa:pds:gbo.ast.smass2.spectra:data:data17_4200_00_tab::1.0
P,urn:nasa:pds:gbo.ast.smass2.spectra:data:data17_4205_01_tab::1.0
P,urn:nasa:pds:gbo.ast.smass2.spectra:data:data17_4215_01_tab::1.0
P,urn:nasa:pds:gbo.ast.smass2.spectra:data:data17_4222_01_tab::1.0
P,urn:nasa:pds:gbo.ast.smass2.spectra:data:data17_423_01_tab::1.0
P,urn:nasa:pds:gbo.ast.smass2.spectra:data:data17_4256_01_tab::1.0
P,urn:nasa:pds:gbo.ast.smass2.spectra:data:data17_425_01_tab::1.0
P,urn:nasa:pds:gbo.ast.smass2.spectra:data:data17_4261_01_tab::1.0
P,urn:nasa:pds:gbo.ast.smass2.spectra:data:data17_4265_01_tab::1.0
P,urn:nasa:pds:gbo.ast.smass2.spectra:data:data17_4272_01_tab::1.0
P,urn:nasa:pds:gbo.ast.smass2.spectra:data:data17_4276_01_tab::1.0
P,urn:nasa:pds:gbo.ast.smass2.spectra:data:data17_4280_01_tab::1.0
P,urn:nasa:pds:gbo.ast.smass2.spectra:data:data18_4284_00_tab::1.0
P,urn:nasa:pds:gbo.ast.smass2.spectra:data:data18_4287_01_tab::1.0
P,urn:nasa:pds:gbo.ast.smass2.spectra:data:data18_4292_01_tab::1.0
P,urn:nasa:pds:gbo.ast.smass2.spectra:data:data18_4297_01_tab::1.0
P,urn:nasa:pds:gbo.ast.smass2.spectra:data:data18_4299_01_tab::1.0
P,urn:nasa:pds:gbo.ast.smass2.spectra:data:data18_42_01_tab::1.0
P,urn:nasa:pds:gbo.ast.smass2.spectra:data:data18_4304_01_tab::1.0
P,urn:nasa:pds:gbo.ast.smass2.spectra:data:data18_4305_01_tab::1.0
P,urn:nasa:pds:gbo.ast.smass2.spectra:data:data18_4311_01_tab::1.0
P,urn:nasa:pds:gbo.ast.smass2.spectra:data:data18_431_01_tab::1.0
P,urn:nasa:pds:gbo.ast.smass2.spectra:data:data18_4327_01_tab::1.0
P,urn:nasa:pds:gbo.ast.smass2.spectra:data:data18_432_00_tab::1.0
P,urn:nasa:pds:gbo.ast.smass2.spectra:data:data18_4332_01_tab::1.0
P,urn:nasa:pds:gbo.ast.smass2.spectra:data:data18_4340_01_tab::1.0
P,urn:nasa:pds:gbo.ast.smass2.spectra:data:data18_4342_01_tab::1.0
P,urn:nasa:pds:gbo.ast.smass2.spectra:data:data18_4343_01_tab::1.0
P,urn:nasa:pds:gbo.ast.smass2.spectra:data:data18_434_01_tab::1.0
P,urn:nasa:pds:gbo.ast.smass2.spectra:data:data18_4352_01_tab::1.0
P,urn:nasa:pds:gbo.ast.smass2.spectra:data:data18_4353_01_tab::1.0
P,urn:nasa:pds:gbo.ast.smass2.spectra:data:data18_4369_01_tab::1.0
P,urn:nasa:pds:gbo.ast.smass2.spectra:data:data18_4372_01_tab::1.0
P,urn:nasa:pds:gbo.ast.smass2.spectra:data:data18_4374_01_tab::1.0
P,urn:nasa:pds:gbo.ast.smass2.spectra:data:data18_4382_01_tab::1.0
P,urn:nasa:pds:gbo.ast.smass2.spectra:data:data18_4387_01_tab::1.0
P,urn:nasa:pds:gbo.ast.smass2.spectra:data:data18_4390_01_tab::1.0
P,urn:nasa:pds:gbo.ast.smass2.spectra:data:data18_4396_01_tab::1.0
P,urn:nasa:pds:gbo.ast.smass2.spectra:data:data18_43_01_tab::1.0
P,urn:nasa:pds:gbo.ast.smass2.spectra:data:data18_4407_01_tab::1.0
P,urn:nasa:pds:gbo.ast.smass2.spectra:data:data18_4417_01_tab::1.0
P,urn:nasa:pds:gbo.ast.smass2.spectra:data:data18_441_01_tab::1.0
P,urn:nasa:pds:gbo.ast.smass2.spectra:data:data18_4422_01_tab::1.0
P,urn:nasa:pds:gbo.ast.smass2.spectra:data:data18_4424_01_tab::1.0
P,urn:nasa:pds:gbo.ast.smass2.spectra:data:data18_4426_01_tab::1.0
P,urn:nasa:pds:gbo.ast.smass2.spectra:data:data18_442_01_tab::1.0
P,urn:nasa:pds:gbo.ast.smass2.spectra:data:data18_4434_01_tab::1.0
P,urn:nasa:pds:gbo.ast.smass2.spectra:data:data18_4435_01_tab::1.0
P,urn:nasa:pds:gbo.ast.smass2.spectra:data:data18_443_01_tab::1.0
P,urn:nasa:pds:gbo.ast.smass2.spectra:data:data18_444_01_tab::1.0
P,urn:nasa:pds:gbo.ast.smass2.spectra:data:data18_4456_01_tab::1.0
P,urn:nasa:pds:gbo.ast.smass2.spectra:data:data18_4461_01_tab::1.0
P,urn:nasa:pds:gbo.ast.smass2.spectra:data:data18_446_00_tab::1.0
P,urn:nasa:pds:gbo.ast.smass2.spectra:data:data18_4479_01_tab::1.0
P,urn:nasa:pds:gbo.ast.smass2.spectra:data:data18_4491_01_tab::1.0
P,urn:nasa:pds:gbo.ast.smass2.spectra:data:data18_44_00_tab::1.0
P,urn:nasa:pds:gbo.ast.smass2.spectra:data:data18_4512_01_tab::1.0
P,urn:nasa:pds:gbo.ast.smass2.spectra:data:data18_4516_01_tab::1.0
P,urn:nasa:pds:gbo.ast.smass2.spectra:data:data18_4523_01_tab::1.0
P,urn:nasa:pds:gbo.ast.smass2.spectra:data:data18_4534_01_tab::1.0
P,urn:nasa:pds:gbo.ast.smass2.spectra:data:data18_4536_01_tab::1.0
P,urn:nasa:pds:gbo.ast.smass2.spectra:data:data18_453_01_tab::1.0
P,urn:nasa:pds:gbo.ast.smass2.spectra:data:data19_4547_00_tab::1.0
P,urn:nasa:pds:gbo.ast.smass2.spectra:data:data19_4548_01_tab::1.0
P,urn:nasa:pds:gbo.ast.smass2.spectra:data:data19_4558_01_tab::1.0
P,urn:nasa:pds:gbo.ast.smass2.spectra:data:data19_456_01_tab::1.0
P,urn:nasa:pds:gbo.ast.smass2.spectra:data:data19_4570_01_tab::1.0
P,urn:nasa:pds:gbo.ast.smass2.spectra:data:data19_4584_01_tab::1.0
P,urn:nasa:pds:gbo.ast.smass2.spectra:data:data19_458_00_tab::1.0
P,urn:nasa:pds:gbo.ast.smass2.spectra:data:data19_4591_01_tab::1.0
P,urn:nasa:pds:gbo.ast.smass2.spectra:data:data19_45_00_tab::1.0
P,urn:nasa:pds:gbo.ast.smass2.spectra:data:data19_4604_01_tab::1.0
P,urn:nasa:pds:gbo.ast.smass2.spectra:data:data19_4607_01_tab::1.0
P,urn:nasa:pds:gbo.ast.smass2.spectra:data:data19_460_01_tab::1.0
P,urn:nasa:pds:gbo.ast.smass2.spectra:data:data19_4610_01_tab::1.0
P,urn:nasa:pds:gbo.ast.smass2.spectra:data:data19_4611_01_tab::1.0
P,urn:nasa:pds:gbo.ast.smass2.spectra:data:data19_4619_01_tab::1.0
P,urn:nasa:pds:gbo.ast.smass2.spectra:data:data19_4628_01_tab::1.0
P,urn:nasa:pds:gbo.ast.smass2.spectra:data:data19_462_01_tab::1.0
P,urn:nasa:pds:gbo.ast.smass2.spectra:data:data19_4649_01_tab::1.0
P,urn:nasa:pds:gbo.ast.smass2.spectra:data:data19_464_01_tab::1.0
P,urn:nasa:pds:gbo.ast.smass2.spectra:data:data19_4650_01_tab::1.0
P,urn:nasa:pds:gbo.ast.smass2.spectra:data:data19_4678_01_tab::1.0
P,urn:nasa:pds:gbo.ast.smass2.spectra:data:data19_4682_01_tab::1.0
P,urn:nasa:pds:gbo.ast.smass2.spectra:data:data19_4686_01_tab::1.0
P,urn:nasa:pds:gbo.ast.smass2.spectra:data:data19_46_00_tab::1.0
P,urn:nasa:pds:gbo.ast.smass2.spectra:data:data19_4701_01_tab::1.0
P,urn:nasa:pds:gbo.ast.smass2.spectra:data:data19_4702_01_tab::1.0
P,urn:nasa:pds:gbo.ast.smass2.spectra:data:data19_4706_01_tab::1.0
P,urn:nasa:pds:gbo.ast.smass2.spectra:data:data19_470_01_tab::1.0
P,urn:nasa:pds:gbo.ast.smass2.spectra:data:data19_4711_01_tab::1.0
P,urn:nasa:pds:gbo.ast.smass2.spectra:data:data19_4713_01_tab::1.0
P,urn:nasa:pds:gbo.ast.smass2.spectra:data:data19_4718_01_tab::1.0
P,urn:nasa:pds:gbo.ast.smass2.spectra:data:data19_4719_01_tab::1.0
P,urn:nasa:pds:gbo.ast.smass2.spectra:data:data19_471_01_tab::1.0
P,urn:nasa:pds:gbo.ast.smass2.spectra:data:data19_4726_01_tab::1.0
P,urn:nasa:pds:gbo.ast.smass2.spectra:data:data19_4733_01_tab::1.0
P,urn:nasa:pds:gbo.ast.smass2.spectra:data:data19_4737_01_tab::1.0
P,urn:nasa:pds:gbo.ast.smass2.spectra:data:data19_4744_00_tab::1.0
P,urn:nasa:pds:gbo.ast.smass2.spectra:data:data19_4748_01_tab::1.0
P,urn:nasa:pds:gbo.ast.smass2.spectra:data:data19_4750_01_tab::1.0
P,urn:nasa:pds:gbo.ast.smass2.spectra:data:data19_4767_01_tab::1.0
P,urn:nasa:pds:gbo.ast.smass2.spectra:data:data19_476_01_tab::1.0
P,urn:nasa:pds:gbo.ast.smass2.spectra:data:data19_4774_01_tab::1.0
P,urn:nasa:pds:gbo.ast.smass2.spectra:data:data19_477_01_tab::1.0
P,urn:nasa:pds:gbo.ast.smass2.spectra:data:data19_4786_01_tab::1.0
P,urn:nasa:pds:gbo.ast.smass2.spectra:data:data19_478_01_tab::1.0
P,urn:nasa:pds:gbo.ast.smass2.spectra:data:data19_4796_01_tab::1.0
P,urn:nasa:pds:gbo.ast.smass2.spectra:data:data19_479_01_tab::1.0
P,urn:nasa:pds:gbo.ast.smass2.spectra:data:data19_47_01_tab::1.0
P,urn:nasa:pds:gbo.ast.smass2.spectra:data:data19_4804_00_tab::1.0
P,urn:nasa:pds:gbo.ast.smass2.spectra:data:data19_4817_01_tab::1.0
P,urn:nasa:pds:gbo.ast.smass2.spectra:data:data20_481_01_tab::1.0
P,urn:nasa:pds:gbo.ast.smass2.spectra:data:data20_4824_00_tab::1.0
P,urn:nasa:pds:gbo.ast.smass2.spectra:data:data20_4838_01_tab::1.0
P,urn:nasa:pds:gbo.ast.smass2.spectra:data:data20_4839_01_tab::1.0
P,urn:nasa:pds:gbo.ast.smass2.spectra:data:data20_4844_01_tab::1.0
P,urn:nasa:pds:gbo.ast.smass2.spectra:data:data20_4845_00_tab::1.0
P,urn:nasa:pds:gbo.ast.smass2.spectra:data:data20_4849_01_tab::1.0
P,urn:nasa:pds:gbo.ast.smass2.spectra:data:data20_484_01_tab::1.0
P,urn:nasa:pds:gbo.ast.smass2.spectra:data:data20_4853_01_tab::1.0
P,urn:nasa:pds:gbo.ast.smass2.spectra:data:data20_485_01_tab::1.0
P,urn:nasa:pds:gbo.ast.smass2.spectra:data:data20_4884_01_tab::1.0
P,urn:nasa:pds:gbo.ast.smass2.spectra:data:data20_48_01_tab::1.0
P,urn:nasa:pds:gbo.ast.smass2.spectra:data:data20_4900_01_tab::1.0
P,urn:nasa:pds:gbo.ast.smass2.spectra:data:data20_4909_01_tab::1.0
P,urn:nasa:pds:gbo.ast.smass2.spectra:data:data20_490_01_tab::1.0
P,urn:nasa:pds:gbo.ast.smass2.spectra:data:data20_4910_01_tab::1.0
P,urn:nasa:pds:gbo.ast.smass2.spectra:data:data20_4917_01_tab::1.0
P,urn:nasa:pds:gbo.ast.smass2.spectra:data:data20_491_01_tab::1.0
P,urn:nasa:pds:gbo.ast.smass2.spectra:data:data20_4923_01_tab::1.0
P,urn:nasa:pds:gbo.ast.smass2.spectra:data:data20_4942_01_tab::1.0
P,urn:nasa:pds:gbo.ast.smass2.spectra:data:data20_4944_00_tab::1.0
P,urn:nasa:pds:gbo.ast.smass2.spectra:data:data20_4945_01_tab::1.0
P,urn:nasa:pds:gbo.ast.smass2.spectra:data:data20_494_00_tab::1.0
P,urn:nasa:pds:gbo.ast.smass2.spectra:data:data20_4950_01_tab::1.0
P,urn:nasa:pds:gbo.ast.smass2.spectra:data:data20_4951_01_tab::1.0
P,urn:nasa:pds:gbo.ast.smass2.spectra:data:data20_4968_01_tab::1.0
P,urn:nasa:pds:gbo.ast.smass2.spectra:data:data20_4969_01_tab::1.0
P,urn:nasa:pds:gbo.ast.smass2.spectra:data:data20_496_01_tab::1.0
P,urn:nasa:pds:gbo.ast.smass2.spectra:data:data20_4977_01_tab::1.0
P,urn:nasa:pds:gbo.ast.smass2.spectra:data:data20_4982_01_tab::1.0
P,urn:nasa:pds:gbo.ast.smass2.spectra:data:data20_4993_01_tab::1.0
P,urn:nasa:pds:gbo.ast.smass2.spectra:data:data20_4995_01_tab::1.0
P,urn:nasa:pds:gbo.ast.smass2.spectra:data:data20_4997_01_tab::1.0
P,urn:nasa:pds:gbo.ast.smass2.spectra:data:data20_49_01_tab::1.0
P,urn:nasa:pds:gbo.ast.smass2.spectra:data:data20_4_01_tab::1.0
P,urn:nasa:pds:gbo.ast.smass2.spectra:data:data20_5008_01_tab::1.0
P,urn:nasa:pds:gbo.ast.smass2.spectra:data:data20_5010_01_tab::1.0
P,urn:nasa:pds:gbo.ast.smass2.spectra:data:data20_5013_01_tab::1.0
P,urn:nasa:pds:gbo.ast.smass2.spectra:data:data20_5038_01_tab::1.0
P,urn:nasa:pds:gbo.ast.smass2.spectra:data:data20_503_01_tab::1.0
P,urn:nasa:pds:gbo.ast.smass2.spectra:data:data20_504_01_tab::1.0
P,urn:nasa:pds:gbo.ast.smass2.spectra:data:data20_5051_01_tab::1.0
P,urn:nasa:pds:gbo.ast.smass2.spectra:data:data20_5067_00_tab::1.0
P,urn:nasa:pds:gbo.ast.smass2.spectra:data:data20_5069_01_tab::1.0
P,urn:nasa:pds:gbo.ast.smass2.spectra:data:data20_5079_01_tab::1.0
P,urn:nasa:pds:gbo.ast.smass2.spectra:data:data20_507_01_tab::1.0
P,urn:nasa:pds:gbo.ast.smass2.spectra:data:data20_5081_01_tab::1.0
P,urn:nasa:pds:gbo.ast.smass2.spectra:data:data20_5087_01_tab::1.0
P,urn:nasa:pds:gbo.ast.smass2.spectra:data:data20_5091_01_tab::1.0
P,urn:nasa:pds:gbo.ast.smass2.spectra:data:data20_509_01_tab::1.0
P,urn:nasa:pds:gbo.ast.smass2.spectra:data:data21_50_01_tab::1.0
P,urn:nasa:pds:gbo.ast.smass2.spectra:data:data21_5102_01_tab::1.0
P,urn:nasa:pds:gbo.ast.smass2.spectra:data:data21_5103_01_tab::1.0
P,urn:nasa:pds:gbo.ast.smass2.spectra:data:data21_5108_01_tab::1.0
P,urn:nasa:pds:gbo.ast.smass2.spectra:data:data21_5111_01_tab::1.0
P,urn:nasa:pds:gbo.ast.smass2.spectra:data:data21_511_01_tab::1.0
P,urn:nasa:pds:gbo.ast.smass2.spectra:data:data21_512_00_tab::1.0
P,urn:nasa:pds:gbo.ast.smass2.spectra:data:data21_5133_01_tab::1.0
P,urn:nasa:pds:gbo.ast.smass2.spectra:data:data21_5134_01_tab::1.0
P,urn:nasa:pds:gbo.ast.smass2.spectra:data:data21_513_01_tab::1.0
P,urn:nasa:pds:gbo.ast.smass2.spectra:data:data21_5142_01_tab::1.0
P,urn:nasa:pds:gbo.ast.smass2.spectra:data:data21_5159_01_tab::1.0
P,urn:nasa:pds:gbo.ast.smass2.spectra:data:data21_515_01_tab::1.0
P,urn:nasa:pds:gbo.ast.smass2.spectra:data:data21_516_01_tab::1.0
P,urn:nasa:pds:gbo.ast.smass2.spectra:data:data21_5184_01_tab::1.0
P,urn:nasa:pds:gbo.ast.smass2.spectra:data:data21_5195_01_tab::1.0
P,urn:nasa:pds:gbo.ast.smass2.spectra:data:data21_5196_01_tab::1.0
P,urn:nasa:pds:gbo.ast.smass2.spectra:data:data21_519_01_tab::1.0
P,urn:nasa:pds:gbo.ast.smass2.spectra:data:data21_51_01_tab::1.0
P,urn:nasa:pds:gbo.ast.smass2.spectra:data:data21_5208_01_tab::1.0
P,urn:nasa:pds:gbo.ast.smass2.spectra:data:data21_5214_01_tab::1.0
P,urn:nasa:pds:gbo.ast.smass2.spectra:data:data21_521_01_tab::1.0
P,urn:nasa:pds:gbo.ast.smass2.spectra:data:data21_5222_01_tab::1.0
P,urn:nasa:pds:gbo.ast.smass2.spectra:data:data21_5227_01_tab::1.0
P,urn:nasa:pds:gbo.ast.smass2.spectra:data:data21_5230_01_tab::1.0
P,urn:nasa:pds:gbo.ast.smass2.spectra:data:data21_5234_01_tab::1.0
P,urn:nasa:pds:gbo.ast.smass2.spectra:data:data21_523_01_tab::1.0
P,urn:nasa:pds:gbo.ast.smass2.spectra:data:data21_5240_01_tab::1.0
P,urn:nasa:pds:gbo.ast.smass2.spectra:data:data21_5242_01_tab::1.0
P,urn:nasa:pds:gbo.ast.smass2.spectra:data:data21_5243_01_tab::1.0
P,urn:nasa:pds:gbo.ast.smass2.spectra:data:data21_5253_01_tab::1.0
P,urn:nasa:pds:gbo.ast.smass2.spectra:data:data21_5261_01_tab::1.0
P,urn:nasa:pds:gbo.ast.smass2.spectra:data:data21_5275_01_tab::1.0
P,urn:nasa:pds:gbo.ast.smass2.spectra:data:data21_527_01_tab::1.0
P,urn:nasa:pds:gbo.ast.smass2.spectra:data:data21_5294_01_tab::1.0
P,urn:nasa:pds:gbo.ast.smass2.spectra:data:data21_52_01_tab::1.0
P,urn:nasa:pds:gbo.ast.smass2.spectra:data:data21_5318_01_tab::1.0
P,urn:nasa:pds:gbo.ast.smass2.spectra:data:data21_531_01_tab::1.0
P,urn:nasa:pds:gbo.ast.smass2.spectra:data:data21_5329_01_tab::1.0
P,urn:nasa:pds:gbo.ast.smass2.spectra:data:data21_532_00_tab::1.0
P,urn:nasa:pds:gbo.ast.smass2.spectra:data:data21_5330_01_tab::1.0
P,urn:nasa:pds:gbo.ast.smass2.spectra:data:data21_5333_01_tab::1.0
P,urn:nasa:pds:gbo.ast.smass2.spectra:data:data21_533_01_tab::1.0
P,urn:nasa:pds:gbo.ast.smass2.spectra:data:data21_5344_01_tab::1.0
P,urn:nasa:pds:gbo.ast.smass2.spectra:data:data21_5348_01_tab::1.0
P,urn:nasa:pds:gbo.ast.smass2.spectra:data:data21_5349_01_tab::1.0
P,urn:nasa:pds:gbo.ast.smass2.spectra:data:data21_534_01_tab::1.0
P,urn:nasa:pds:gbo.ast.smass2.spectra:data:data21_5364_01_tab::1.0
P,urn:nasa:pds:gbo.ast.smass2.spectra:data:data21_5379_01_tab::1.0
P,urn:nasa:pds:gbo.ast.smass2.spectra:data:data21_5392_01_tab::1.0
P,urn:nasa:pds:gbo.ast.smass2.spectra:data:data22_5397_01_tab::1.0
P,urn:nasa:pds:gbo.ast.smass2.spectra:data:data22_539_01_tab::1.0
P,urn:nasa:pds:gbo.ast.smass2.spectra:data:data22_5401_01_tab::1.0
P,urn:nasa:pds:gbo.ast.smass2.spectra:data:data22_5407_01_tab::1.0
P,urn:nasa:pds:gbo.ast.smass2.spectra:data:data22_5416_01_tab::1.0
P,urn:nasa:pds:gbo.ast.smass2.spectra:data:data22_541_01_tab::1.0
P,urn:nasa:pds:gbo.ast.smass2.spectra:data:data22_5438_01_tab::1.0
P,urn:nasa:pds:gbo.ast.smass2.spectra:data:data22_543_01_tab::1.0
P,urn:nasa:pds:gbo.ast.smass2.spectra:data:data22_5448_00_tab::1.0
P,urn:nasa:pds:gbo.ast.smass2.spectra:data:data22_545_01_tab::1.0
P,urn:nasa:pds:gbo.ast.smass2.spectra:data:data22_5467_01_tab::1.0
P,urn:nasa:pds:gbo.ast.smass2.spectra:data:data22_547_00_tab::1.0
P,urn:nasa:pds:gbo.ast.smass2.spectra:data:data22_5482_01_tab::1.0
P,urn:nasa:pds:gbo.ast.smass2.spectra:data:data22_5485_01_tab::1.0
P,urn:nasa:pds:gbo.ast.smass2.spectra:data:data22_5492_01_tab::1.0
P,urn:nasa:pds:gbo.ast.smass2.spectra:data:data22_54_01_tab::1.0
P,urn:nasa:pds:gbo.ast.smass2.spectra:data:data22_5510_01_tab::1.0
P,urn:nasa:pds:gbo.ast.smass2.spectra:data:data22_551_01_tab::1.0
P,urn:nasa:pds:gbo.ast.smass2.spectra:data:data22_5534_01_tab::1.0
P,urn:nasa:pds:gbo.ast.smass2.spectra:data:data22_553_01_tab::1.0
P,urn:nasa:pds:gbo.ast.smass2.spectra:data:data22_554_01_tab::1.0
P,urn:nasa:pds:gbo.ast.smass2.spectra:data:data22_5552_01_tab::1.0
P,urn:nasa:pds:gbo.ast.smass2.spectra:data:data22_5553_01_tab::1.0
P,urn:nasa:pds:gbo.ast.smass2.spectra:data:data22_555_01_tab::1.0
P,urn:nasa:pds:gbo.ast.smass2.spectra:data:data22_5563_01_tab::1.0
P,urn:nasa:pds:gbo.ast.smass2.spectra:data:data22_5565_01_tab::1.0
P,urn:nasa:pds:gbo.ast.smass2.spectra:data:data22_556_01_tab::1.0
P,urn:nasa:pds:gbo.ast.smass2.spectra:data:data22_5576_01_tab::1.0
P,urn:nasa:pds:gbo.ast.smass2.spectra:data:data22_5585_01_tab::1.0
P,urn:nasa:pds:gbo.ast.smass2.spectra:data:data22_5588_01_tab::1.0
P,urn:nasa:pds:gbo.ast.smass2.spectra:data:data22_5591_00_tab::1.0
P,urn:nasa:pds:gbo.ast.smass2.spectra:data:data22_5595_01_tab::1.0
P,urn:nasa:pds:gbo.ast.smass2.spectra:data:data22_559_01_tab::1.0
P,urn:nasa:pds:gbo.ast.smass2.spectra:data:data22_55_01_tab::1.0
P,urn:nasa:pds:gbo.ast.smass2.spectra:data:data22_560_01_tab::1.0
P,urn:nasa:pds:gbo.ast.smass2.spectra:data:data22_5610_00_tab::1.0
P,urn:nasa:pds:gbo.ast.smass2.spectra:data:data22_5622_01_tab::1.0
P,urn:nasa:pds:gbo.ast.smass2.spectra:data:data22_5632_00_tab::1.0
P,urn:nasa:pds:gbo.ast.smass2.spectra:data:data22_563_01_tab::1.0
P,urn:nasa:pds:gbo.ast.smass2.spectra:data:data22_5641_01_tab::1.0
P,urn:nasa:pds:gbo.ast.smass2.spectra:data:data22_5647_01_tab::1.0
P,urn:nasa:pds:gbo.ast.smass2.spectra:data:data22_5649_01_tab::1.0
P,urn:nasa:pds:gbo.ast.smass2.spectra:data:data22_564_01_tab::1.0
P,urn:nasa:pds:gbo.ast.smass2.spectra:data:data22_5678_01_tab::1.0
P,urn:nasa:pds:gbo.ast.smass2.spectra:data:data22_5685_01_tab::1.0
P,urn:nasa:pds:gbo.ast.smass2.spectra:data:data22_5690_01_tab::1.0
P,urn:nasa:pds:gbo.ast.smass2.spectra:data:data22_569_01_tab::1.0
P,urn:nasa:pds:gbo.ast.smass2.spectra:data:data22_56_01_tab::1.0
P,urn:nasa:pds:gbo.ast.smass2.spectra:data:data22_570_01_tab::1.0
P,urn:nasa:pds:gbo.ast.smass2.spectra:data:data22_571_01_tab::1.0
P,urn:nasa:pds:gbo.ast.smass2.spectra:data:data23_572_01_tab::1.0
P,urn:nasa:pds:gbo.ast.smass2.spectra:data:data23_5732_00_tab::1.0
P,urn:nasa:pds:gbo.ast.smass2.spectra:data:data23_578_01_tab::1.0
P,urn:nasa:pds:gbo.ast.smass2.spectra:data:data23_579_01_tab::1.0
P,urn:nasa:pds:gbo.ast.smass2.spectra:data:data23_57_01_tab::1.0
P,urn:nasa:pds:gbo.ast.smass2.spectra:data:data23_5817_01_tab::1.0
P,urn:nasa:pds:gbo.ast.smass2.spectra:data:data23_581_00_tab::1.0
P,urn:nasa:pds:gbo.ast.smass2.spectra:data:data23_5840_01_tab::1.0
P,urn:nasa:pds:gbo.ast.smass2.spectra:data:data23_584_01_tab::1.0
P,urn:nasa:pds:gbo.ast.smass2.spectra:data:data23_586_01_tab::1.0
P,urn:nasa:pds:gbo.ast.smass2.spectra:data:data23_5892_00_tab::1.0
P,urn:nasa:pds:gbo.ast.smass2.spectra:data:data23_58_00_tab::1.0
P,urn:nasa:pds:gbo.ast.smass2.spectra:data:data23_592_01_tab::1.0
P,urn:nasa:pds:gbo.ast.smass2.spectra:data:data23_5956_01_tab::1.0
P,urn:nasa:pds:gbo.ast.smass2.spectra:data:data23_5965_01_tab::1.0
P,urn:nasa:pds:gbo.ast.smass2.spectra:data:data23_596_01_tab::1.0
P,urn:nasa:pds:gbo.ast.smass2.spectra:data:data23_597_01_tab::1.0
P,urn:nasa:pds:gbo.ast.smass2.spectra:data:data23_598_01_tab::1.0
P,urn:nasa:pds:gbo.ast.smass2.spectra:data:data23_599_01_tab::1.0
P,urn:nasa:pds:gbo.ast.smass2.spectra:data:data23_59_01_tab::1.0
P,urn:nasa:pds:gbo.ast.smass2.spectra:data:data23_5_01_tab::1.0
P,urn:nasa:pds:gbo.ast.smass2.spectra:data:data23_6005_01_tab::1.0
P,urn:nasa:pds:gbo.ast.smass2.spectra:data:data23_600_01_tab::1.0
P,urn:nasa:pds:gbo.ast.smass2.spectra:data:data23_601_01_tab::1.0
P,urn:nasa:pds:gbo.ast.smass2.spectra:data:data23_604_01_tab::1.0
P,urn:nasa:pds:gbo.ast.smass2.spectra:data:data23_606_01_tab::1.0
P,urn:nasa:pds:gbo.ast.smass2.spectra:data:data23_6071_01_tab::1.0
P,urn:nasa:pds:gbo.ast.smass2.spectra:data:data23_6077_01_tab::1.0
P,urn:nasa:pds:gbo.ast.smass2.spectra:data:data23_6078_01_tab::1.0
P,urn:nasa:pds:gbo.ast.smass2.spectra:data:data23_6086_01_tab::1.0
P,urn:nasa:pds:gbo.ast.smass2.spectra:data:data23_60_01_tab::1.0
P,urn:nasa:pds:gbo.ast.smass2.spectra:data:data23_611_01_tab::1.0
P,urn:nasa:pds:gbo.ast.smass2.spectra:data:data23_6129_01_tab::1.0
P,urn:nasa:pds:gbo.ast.smass2.spectra:data:data23_6146_01_tab::1.0
P,urn:nasa:pds:gbo.ast.smass2.spectra:data:data23_614_01_tab::1.0
P,urn:nasa:pds:gbo.ast.smass2.spectra:data:data23_6192_00_tab::1.0
P,urn:nasa:pds:gbo.ast.smass2.spectra:data:data23_61_01_tab::1.0
P,urn:nasa:pds:gbo.ast.smass2.spectra:data:data23_6211_01_tab::1.0
P,urn:nasa:pds:gbo.ast.smass2.spectra:data:data23_622_01_tab::1.0
P,urn:nasa:pds:gbo.ast.smass2.spectra:data:data23_6230_01_tab::1.0
P,urn:nasa:pds:gbo.ast.smass2.spectra:data:data23_6233_01_tab::1.0
P,urn:nasa:pds:gbo.ast.smass2.spectra:data:data23_6249_01_tab::1.0
P,urn:nasa:pds:gbo.ast.smass2.spectra:data:data23_625_01_tab::1.0
P,urn:nasa:pds:gbo.ast.smass2.spectra:data:data23_626_01_tab::1.0
P,urn:nasa:pds:gbo.ast.smass2.spectra:data:data23_627_01_tab::1.0
P,urn:nasa:pds:gbo.ast.smass2.spectra:data:data23_6283_01_tab::1.0
P,urn:nasa:pds:gbo.ast.smass2.spectra:data:data23_629_01_tab::1.0
P,urn:nasa:pds:gbo.ast.smass2.spectra:data:data23_62_01_tab::1.0
P,urn:nasa:pds:gbo.ast.smass2.spectra:data:data23_631_01_tab::1.0
P,urn:nasa:pds:gbo.ast.smass2.spectra:data:data23_633_01_tab::1.0
P,urn:nasa:pds:gbo.ast.smass2.spectra:data:data24_634_01_tab::1.0
P,urn:nasa:pds:gbo.ast.smass2.spectra:data:data24_6354_01_tab::1.0
P,urn:nasa:pds:gbo.ast.smass2.spectra:data:data24_6364_01_tab::1.0
P,urn:nasa:pds:gbo.ast.smass2.spectra:data:data24_6386_01_tab::1.0
P,urn:nasa:pds:gbo.ast.smass2.spectra:data:data24_638_01_tab::1.0
P,urn:nasa:pds:gbo.ast.smass2.spectra:data:data24_63_01_tab::1.0
P,urn:nasa:pds:gbo.ast.smass2.spectra:data:data24_6410_01_tab::1.0
P,urn:nasa:pds:gbo.ast.smass2.spectra:data:data24_642_01_tab::1.0
P,urn:nasa:pds:gbo.ast.smass2.spectra:data:data24_649_01_tab::1.0
P,urn:nasa:pds:gbo.ast.smass2.spectra:data:data24_64_00_tab::1.0
P,urn:nasa:pds:gbo.ast.smass2.spectra:data:data24_6500_01_tab::1.0
P,urn:nasa:pds:gbo.ast.smass2.spectra:data:data24_6509_01_tab::1.0
P,urn:nasa:pds:gbo.ast.smass2.spectra:data:data24_653_01_tab::1.0
P,urn:nasa:pds:gbo.ast.smass2.spectra:data:data24_654_01_tab::1.0
P,urn:nasa:pds:gbo.ast.smass2.spectra:data:data24_6582_01_tab::1.0
P,urn:nasa:pds:gbo.ast.smass2.spectra:data:data24_6585_01_tab::1.0
P,urn:nasa:pds:gbo.ast.smass2.spectra:data:data24_6592_01_tab::1.0
P,urn:nasa:pds:gbo.ast.smass2.spectra:data:data24_65_01_tab::1.0
P,urn:nasa:pds:gbo.ast.smass2.spectra:data:data24_661_01_tab::1.0
P,urn:nasa:pds:gbo.ast.smass2.spectra:data:data24_6669_01_tab::1.0
P,urn:nasa:pds:gbo.ast.smass2.spectra:data:data24_668_01_tab::1.0
P,urn:nasa:pds:gbo.ast.smass2.spectra:data:data24_66_01_tab::1.0
P,urn:nasa:pds:gbo.ast.smass2.spectra:data:data24_6704_01_tab::1.0
P,urn:nasa:pds:gbo.ast.smass2.spectra:data:data24_670_01_tab::1.0
P,urn:nasa:pds:gbo.ast.smass2.spectra:data:data24_6716_01_tab::1.0
P,urn:nasa:pds:gbo.ast.smass2.spectra:data:data24_671_01_tab::1.0
P,urn:nasa:pds:gbo.ast.smass2.spectra:data:data24_673_01_tab::1.0
P,urn:nasa:pds:gbo.ast.smass2.spectra:data:data24_674_01_tab::1.0
P,urn:nasa:pds:gbo.ast.smass2.spectra:data:data24_675_01_tab::1.0
P,urn:nasa:pds:gbo.ast.smass2.spectra:data:data24_677_01_tab::1.0
P,urn:nasa:pds:gbo.ast.smass2.spectra:data:data24_6782_01_tab::1.0
P,urn:nasa:pds:gbo.ast.smass2.spectra:data:data24_678_01_tab::1.0
P,urn:nasa:pds:gbo.ast.smass2.spectra:data:data24_679_01_tab::1.0
P,urn:nasa:pds:gbo.ast.smass2.spectra:data:data24_67_00_tab::1.0
P,urn:nasa:pds:gbo.ast.smass2.spectra:data:data24_6847_01_tab::1.0
P,urn:nasa:pds:gbo.ast.smass2.spectra:data:data24_687_01_tab::1.0
P,urn:nasa:pds:gbo.ast.smass2.spectra:data:data24_688_01_tab::1.0
P,urn:nasa:pds:gbo.ast.smass2.spectra:data:data24_6906_01_tab::1.0
P,urn:nasa:pds:gbo.ast.smass2.spectra:data:data24_6907_01_tab::1.0
P,urn:nasa:pds:gbo.ast.smass2.spectra:data:data24_6908_01_tab::1.0
P,urn:nasa:pds:gbo.ast.smass2.spectra:data:data24_699_01_tab::1.0
P,urn:nasa:pds:gbo.ast.smass2.spectra:data:data24_69_00_tab::1.0
P,urn:nasa:pds:gbo.ast.smass2.spectra:data:data24_6_01_tab::1.0
P,urn:nasa:pds:gbo.ast.smass2.spectra:data:data24_702_01_tab::1.0
P,urn:nasa:pds:gbo.ast.smass2.spectra:data:data24_704_01_tab::1.0
P,urn:nasa:pds:gbo.ast.smass2.spectra:data:data24_7056_01_tab::1.0
P,urn:nasa:pds:gbo.ast.smass2.spectra:data:data24_705_01_tab::1.0
P,urn:nasa:pds:gbo.ast.smass2.spectra:data:data24_706_01_tab::1.0
P,urn:nasa:pds:gbo.ast.smass2.spectra:data:data24_7081_01_tab::1.0
P,urn:nasa:pds:gbo.ast.smass2.spectra:data:data24_70_00_tab::1.0
P,urn:nasa:pds:gbo.ast.smass2.spectra:data:data25_7110_01_tab::1.0
P,urn:nasa:pds:gbo.ast.smass2.spectra:data:data25_712_01_tab::1.0
P,urn:nasa:pds:gbo.ast.smass2.spectra:data:data25_713_00_tab::1.0
P,urn:nasa:pds:gbo.ast.smass2.spectra:data:data25_715_01_tab::1.0
P,urn:nasa:pds:gbo.ast.smass2.spectra:data:data25_716_01_tab::1.0
P,urn:nasa:pds:gbo.ast.smass2.spectra:data:data25_7170_01_tab::1.0
P,urn:nasa:pds:gbo.ast.smass2.spectra:data:data25_718_01_tab::1.0
P,urn:nasa:pds:gbo.ast.smass2.spectra:data:data25_71_00_tab::1.0
P,urn:nasa:pds:gbo.ast.smass2.spectra:data:data25_720_01_tab::1.0
P,urn:nasa:pds:gbo.ast.smass2.spectra:data:data25_7211_01_tab::1.0
P,urn:nasa:pds:gbo.ast.smass2.spectra:data:data25_7224_01_tab::1.0
P,urn:nasa:pds:gbo.ast.smass2.spectra:data:data25_7225_01_tab::1.0
P,urn:nasa:pds:gbo.ast.smass2.spectra:data:data25_723_00_tab::1.0
P,urn:nasa:pds:gbo.ast.smass2.spectra:data:data25_7245_01_tab::1.0
P,urn:nasa:pds:gbo.ast.smass2.spectra:data:data25_729_01_tab::1.0
P,urn:nasa:pds:gbo.ast.smass2.spectra:data:data25_7304_01_tab::1.0
P,urn:nasa:pds:gbo.ast.smass2.spectra:data:data25_731_01_tab::1.0
P,urn:nasa:pds:gbo.ast.smass2.spectra:data:data25_735_01_tab::1.0
P,urn:nasa:pds:gbo.ast.smass2.spectra:data:data25_737_01_tab::1.0
P,urn:nasa:pds:gbo.ast.smass2.spectra:data:data25_7397_01_tab::1.0
P,urn:nasa:pds:gbo.ast.smass2.spectra:data:data25_739_01_tab::1.0
P,urn:nasa:pds:gbo.ast.smass2.spectra:data:data25_7402_01_tab::1.0
P,urn:nasa:pds:gbo.ast.smass2.spectra:data:data25_7404_01_tab::1.0
P,urn:nasa:pds:gbo.ast.smass2.spectra:data:data25_7405_00_tab::1.0
P,urn:nasa:pds:gbo.ast.smass2.spectra:data:data25_741_01_tab::1.0
P,urn:nasa:pds:gbo.ast.smass2.spectra:data:data25_742_01_tab::1.0
P,urn:nasa:pds:gbo.ast.smass2.spectra:data:data25_743_01_tab::1.0
P,urn:nasa:pds:gbo.ast.smass2.spectra:data:data25_7451_00_tab::1.0
P,urn:nasa:pds:gbo.ast.smass2.spectra:data:data25_747_01_tab::1.0
P,urn:nasa:pds:gbo.ast.smass2.spectra:data:data25_749_00_tab::1.0
P,urn:nasa:pds:gbo.ast.smass2.spectra:data:data25_74_01_tab::1.0
P,urn:nasa:pds:gbo.ast.smass2.spectra:data:data25_7512_00_tab::1.0
P,urn:nasa:pds:gbo.ast.smass2.spectra:data:data25_751_01_tab::1.0
P,urn:nasa:pds:gbo.ast.smass2.spectra:data:data25_753_01_tab::1.0
P,urn:nasa:pds:gbo.ast.smass2.spectra:data:data25_754_01_tab::1.0
P,urn:nasa:pds:gbo.ast.smass2.spectra:data:data25_7562_01_tab::1.0
P,urn:nasa:pds:gbo.ast.smass2.spectra:data:data25_7564_01_tab::1.0
P,urn:nasa:pds:gbo.ast.smass2.spectra:data:data25_757_01_tab::1.0
P,urn:nasa:pds:gbo.ast.smass2.spectra:data:data25_759_01_tab::1.0
P,urn:nasa:pds:gbo.ast.smass2.spectra:data:data25_75_01_tab::1.0
P,urn:nasa:pds:gbo.ast.smass2.spectra:data:data25_7604_01_tab::1.0
P,urn:nasa:pds:gbo.ast.smass2.spectra:data:data25_767_01_tab::1.0
P,urn:nasa:pds:gbo.ast.smass2.spectra:data:data25_76_01_tab::1.0
P,urn:nasa:pds:gbo.ast.smass2.spectra:data:data25_771_01_tab::1.0
P,urn:nasa:pds:gbo.ast.smass2.spectra:data:data25_7728_01_tab::1.0
P,urn:nasa:pds:gbo.ast.smass2.spectra:data:data25_773_01_tab::1.0
P,urn:nasa:pds:gbo.ast.smass2.spectra:data:data25_7763_01_tab::1.0
P,urn:nasa:pds:gbo.ast.smass2.spectra:data:data25_776_01_tab::1.0
P,urn:nasa:pds:gbo.ast.smass2.spectra:data:data25_779_01_tab::1.0
P,urn:nasa:pds:gbo.ast.smass2.spectra:data:data25_77_01_tab::1.0
P,urn:nasa:pds:gbo.ast.smass2.spectra:data:data26_7817_01_tab::1.0
P,urn:nasa:pds:gbo.ast.smass2.spectra:data:data26_781_01_tab::1.0
P,urn:nasa:pds:gbo.ast.smass2.spectra:data:data26_782_01_tab::1.0
P,urn:nasa:pds:gbo.ast.smass2.spectra:data:data26_783_01_tab::1.0
P,urn:nasa:pds:gbo.ast.smass2.spectra:data:data26_784_01_tab::1.0
P,urn:nasa:pds:gbo.ast.smass2.spectra:data:data26_785_01_tab::1.0
P,urn:nasa:pds:gbo.ast.smass2.spectra:data:data26_789_01_tab::1.0
P,urn:nasa:pds:gbo.ast.smass2.spectra:data:data26_78_01_tab::1.0
P,urn:nasa:pds:gbo.ast.smass2.spectra:data:data26_792_00_tab::1.0
P,urn:nasa:pds:gbo.ast.smass2.spectra:data:data26_793_01_tab::1.0
P,urn:nasa:pds:gbo.ast.smass2.spectra:data:data26_795_01_tab::1.0
P,urn:nasa:pds:gbo.ast.smass2.spectra:data:data26_796_01_tab::1.0
P,urn:nasa:pds:gbo.ast.smass2.spectra:data:data26_797_01_tab::1.0
P,urn:nasa:pds:gbo.ast.smass2.spectra:data:data26_79_01_tab::1.0
P,urn:nasa:pds:gbo.ast.smass2.spectra:data:data26_7_00_tab::1.0
P,urn:nasa:pds:gbo.ast.smass2.spectra:data:data26_8008_01_tab::1.0
P,urn:nasa:pds:gbo.ast.smass2.spectra:data:data26_804_01_tab::1.0
P,urn:nasa:pds:gbo.ast.smass2.spectra:data:data26_808_00_tab::1.0
P,urn:nasa:pds:gbo.ast.smass2.spectra:data:data26_80_01_tab::1.0
P,urn:nasa:pds:gbo.ast.smass2.spectra:data:data26_814_01_tab::1.0
P,urn:nasa:pds:gbo.ast.smass2.spectra:data:data26_815_01_tab::1.0
P,urn:nasa:pds:gbo.ast.smass2.spectra:data:data26_819_01_tab::1.0
P,urn:nasa:pds:gbo.ast.smass2.spectra:data:data26_81_01_tab::1.0
P,urn:nasa:pds:gbo.ast.smass2.spectra:data:data26_821_01_tab::1.0
P,urn:nasa:pds:gbo.ast.smass2.spectra:data:data26_824_00_tab::1.0
P,urn:nasa:pds:gbo.ast.smass2.spectra:data:data26_825_01_tab::1.0
P,urn:nasa:pds:gbo.ast.smass2.spectra:data:data26_826_01_tab::1.0
P,urn:nasa:pds:gbo.ast.smass2.spectra:data:data26_82_01_tab::1.0
P,urn:nasa:pds:gbo.ast.smass2.spectra:data:data26_8333_01_tab::1.0
P,urn:nasa:pds:gbo.ast.smass2.spectra:data:data26_8334_01_tab::1.0
P,urn:nasa:pds:gbo.ast.smass2.spectra:data:data26_83_01_tab::1.0
P,urn:nasa:pds:gbo.ast.smass2.spectra:data:data26_844_01_tab::1.0
P,urn:nasa:pds:gbo.ast.smass2.spectra:data:data26_8450_01_tab::1.0
P,urn:nasa:pds:gbo.ast.smass2.spectra:data:data26_845_01_tab::1.0
P,urn:nasa:pds:gbo.ast.smass2.spectra:data:data26_847_00_tab::1.0
P,urn:nasa:pds:gbo.ast.smass2.spectra:data:data26_84_01_tab::1.0
P,urn:nasa:pds:gbo.ast.smass2.spectra:data:data26_8513_01_tab::1.0
P,urn:nasa:pds:gbo.ast.smass2.spectra:data:data26_8516_01_tab::1.0
P,urn:nasa:pds:gbo.ast.smass2.spectra:data:data26_853_00_tab::1.0
P,urn:nasa:pds:gbo.ast.smass2.spectra:data:data26_856_01_tab::1.0
P,urn:nasa:pds:gbo.ast.smass2.spectra:data:data26_85_01_tab::1.0
P,urn:nasa:pds:gbo.ast.smass2.spectra:data:data26_860_01_tab::1.0
P,urn:nasa:pds:gbo.ast.smass2.spectra:data:data26_862_01_tab::1.0
P,urn:nasa:pds:gbo.ast.smass2.spectra:data:data26_863_01_tab::1.0
P,urn:nasa:pds:gbo.ast.smass2.spectra:data:data26_866_01_tab::1.0
P,urn:nasa:pds:gbo.ast.smass2.spectra:data:data26_868_01_tab::1.0
P,urn:nasa:pds:gbo.ast.smass2.spectra:data:data26_870_01_tab::1.0
P,urn:nasa:pds:gbo.ast.smass2.spectra:data:data26_872_01_tab::1.0
P,urn:nasa:pds:gbo.ast.smass2.spectra:data:data26_87_01_tab::1.0
P,urn:nasa:pds:gbo.ast.smass2.spectra:data:data26_886_01_tab::1.0
P,urn:nasa:pds:gbo.ast.smass2.spectra:data:data27_88_01_tab::1.0
P,urn:nasa:pds:gbo.ast.smass2.spectra:data:data27_895_01_tab::1.0
P,urn:nasa:pds:gbo.ast.smass2.spectra:data:data27_897_01_tab::1.0
P,urn:nasa:pds:gbo.ast.smass2.spectra:data:data27_898_01_tab::1.0
P,urn:nasa:pds:gbo.ast.smass2.spectra:data:data27_89_01_tab::1.0
P,urn:nasa:pds:gbo.ast.smass2.spectra:data:data27_905_01_tab::1.0
P,urn:nasa:pds:gbo.ast.smass2.spectra:data:data27_907_01_tab::1.0
P,urn:nasa:pds:gbo.ast.smass2.spectra:data:data27_908_00_tab::1.0
P,urn:nasa:pds:gbo.ast.smass2.spectra:data:data27_90_01_tab::1.0
P,urn:nasa:pds:gbo.ast.smass2.spectra:data:data27_910_00_tab::1.0
P,urn:nasa:pds:gbo.ast.smass2.spectra:data:data27_912_01_tab::1.0
P,urn:nasa:pds:gbo.ast.smass2.spectra:data:data27_913_01_tab::1.0
P,urn:nasa:pds:gbo.ast.smass2.spectra:data:data27_919_01_tab::1.0
P,urn:nasa:pds:gbo.ast.smass2.spectra:data:data27_91_00_tab::1.0
P,urn:nasa:pds:gbo.ast.smass2.spectra:data:data27_924_01_tab::1.0
P,urn:nasa:pds:gbo.ast.smass2.spectra:data:data27_925_01_tab::1.0
P,urn:nasa:pds:gbo.ast.smass2.spectra:data:data27_929_01_tab::1.0
P,urn:nasa:pds:gbo.ast.smass2.spectra:data:data27_92_01_tab::1.0
P,urn:nasa:pds:gbo.ast.smass2.spectra:data:data27_930_01_tab::1.0
P,urn:nasa:pds:gbo.ast.smass2.spectra:data:data27_934_01_tab::1.0
P,urn:nasa:pds:gbo.ast.smass2.spectra:data:data27_93_01_tab::1.0
P,urn:nasa:pds:gbo.ast.smass2.spectra:data:data27_941_01_tab::1.0
P,urn:nasa:pds:gbo.ast.smass2.spectra:data:data27_945_01_tab::1.0
P,urn:nasa:pds:gbo.ast.smass2.spectra:data:data27_94_01_tab::1.0
P,urn:nasa:pds:gbo.ast.smass2.spectra:data:data27_950_01_tab::1.0
P,urn:nasa:pds:gbo.ast.smass2.spectra:data:data27_951_01_tab::1.0
P,urn:nasa:pds:gbo.ast.smass2.spectra:data:data27_95_01_tab::1.0
P,urn:nasa:pds:gbo.ast.smass2.spectra:data:data27_961_01_tab::1.0
P,urn:nasa:pds:gbo.ast.smass2.spectra:data:data27_965_01_tab::1.0
P,urn:nasa:pds:gbo.ast.smass2.spectra:data:data27_96_00_tab::1.0
P,urn:nasa:pds:gbo.ast.smass2.spectra:data:data27_970_01_tab::1.0
P,urn:nasa:pds:gbo.ast.smass2.spectra:data:data27_971_01_tab::1.0
P,urn:nasa:pds:gbo.ast.smass2.spectra:data:data27_973_01_tab::1.0
P,urn:nasa:pds:gbo.ast.smass2.spectra:data:data27_980_01_tab::1.0
P,urn:nasa:pds:gbo.ast.smass2.spectra:data:data27_984_00_tab::1.0
P,urn:nasa:pds:gbo.ast.smass2.spectra:data:data27_985_01_tab::1.0
P,urn:nasa:pds:gbo.ast.smass2.spectra:data:data27_98_01_tab::1.0
P,urn:nasa:pds:gbo.ast.smass2.spectra:data:data27_994_01_tab::1.0
P,urn:nasa:pds:gbo.ast.smass2.spectra:data:data27_9970_00_tab::1.0
P,urn:nasa:pds:gbo.ast.smass2.spectra:data:data27_997_01_tab::1.0
P,urn:nasa:pds:gbo.ast.smass2.spectra:data:data27_99_00_tab::1.0
